拠点,取得時刻,機器の計測時刻,PV(V),BAT(V),取得方法
cam01,2026-08-16T04:43:00.897Z,2026-08-16 13:40:07,20.940,13.610,サーバー(直接取得)
cam02,2026-08-16T04:43:01.549Z,2026-08-16 13:40:07,20.964,13.605,サーバー(直接取得)
cam03,2026-08-16T04:43:01.763Z,2026-08-16 13:40:12,19.781,13.460,サーバー(直接取得)
cam04,2026-08-16T04:43:01.982Z,2026-08-16 13:40:07,18.728,13.522,サーバー(直接取得)
cam08,2026-08-16T04:43:02.202Z,2026-08-16 13:40:22,22.243,13.583,サーバー(直接取得)
cam09,2026-08-16T04:43:02.419Z,2026-08-16 13:40:16,17.070,12.915,サーバー(直接取得)
cam11,2026-08-16T04:43:02.633Z,2026-08-16 13:40:07,20.232,13.460,サーバー(直接取得)
cam12,2026-08-16T04:43:02.844Z,2026-08-16 13:40:07,17.094,13.262,サーバー(直接取得)
cam13,2026-08-16T04:43:03.062Z,2026-08-16 13:40:07,20.401,13.605,サーバー(直接取得)
cam14,2026-08-16T04:43:03.272Z,2026-08-16 13:40:18,20.111,13.464,サーバー(直接取得)
cam36,2026-08-16T04:43:03.483Z,2026-08-16 13:40:07,16.572,13.526,サーバー(直接取得)
cam40,2026-08-16T04:43:03.688Z,2026-08-16 13:40:07,20.071,13.552,サーバー(直接取得)
cam42,2026-08-16T04:43:03.906Z,2026-08-16 13:40:18,19.806,13.513,サーバー(直接取得)
cam43,2026-08-16T04:43:04.117Z,2026-08-16 13:40:24,19.516,13.473,サーバー(直接取得)
cam46,2026-08-16T04:43:04.328Z,2026-08-16 13:40:26,19.604,13.570,サーバー(直接取得)
cam47,2026-08-16T04:43:04.549Z,2026-08-16 13:40:07,20.240,13.552,サーバー(直接取得)
cam52,2026-08-16T04:43:04.764Z,2026-08-16 13:40:27,22.710,13.588,サーバー(直接取得)
cam53,2026-08-16T04:43:04.971Z,2026-08-16 13:40:04,22.879,13.799,サーバー(直接取得)
cam54,2026-08-16T04:43:05.180Z,2026-08-16 13:40:21,21.237,13.495,サーバー(直接取得)
cam55,2026-08-16T04:43:05.382Z,2026-08-16 13:40:22,22.452,12.634,サーバー(直接取得)
cam01,2026-08-16T05:05:05.638Z,2026-08-16 14:00:07,21.085,13.610,サーバー(直接取得)
cam02,2026-08-16T05:05:06.308Z,2026-08-16 14:00:07,21.213,13.614,サーバー(直接取得)
cam03,2026-08-16T05:05:06.537Z,2026-08-16 14:00:12,19.814,13.456,サーバー(直接取得)
cam04,2026-08-16T05:05:06.752Z,2026-08-16 14:00:07,19.733,13.526,サーバー(直接取得)
cam08,2026-08-16T05:05:06.967Z,2026-08-16 14:00:21,22.275,13.583,サーバー(直接取得)
cam09,2026-08-16T05:05:07.182Z,2026-08-16 14:00:13,18.872,12.867,サーバー(直接取得)
cam11,2026-08-16T05:05:07.402Z,2026-08-16 14:00:07,20.312,13.456,サーバー(直接取得)
cam12,2026-08-16T05:05:07.620Z,2026-08-16 14:00:07,18.277,13.500,サーバー(直接取得)
cam13,2026-08-16T05:05:07.839Z,2026-08-16 14:00:07,20.409,13.610,サーバー(直接取得)
cam14,2026-08-16T05:05:08.063Z,2026-08-16 14:00:18,20.023,13.464,サーバー(直接取得)
cam36,2026-08-16T05:05:08.282Z,2026-08-16 14:00:07,19.484,13.557,サーバー(直接取得)
cam40,2026-08-16T05:05:08.501Z,2026-08-16 14:00:07,19.588,13.544,サーバー(直接取得)
cam42,2026-08-16T05:05:08.720Z,2026-08-16 14:00:17,19.838,13.504,サーバー(直接取得)
cam43,2026-08-16T05:05:08.940Z,2026-08-16 14:00:17,19.387,13.473,サーバー(直接取得)
cam46,2026-08-16T05:05:09.260Z,2026-08-16 14:00:27,19.604,13.574,サーバー(直接取得)
cam47,2026-08-16T05:05:09.474Z,2026-08-16 14:00:07,16.958,13.025,サーバー(直接取得)
cam52,2026-08-16T05:05:09.698Z,2026-08-16 14:00:25,20.554,13.579,サーバー(直接取得)
cam53,2026-08-16T05:05:09.922Z,2026-08-16 14:00:04,22.653,13.799,サーバー(直接取得)
cam54,2026-08-16T05:05:10.137Z,2026-08-16 14:00:20,21.093,13.500,サーバー(直接取得)
cam55,2026-08-16T05:05:10.353Z,2026-08-16 14:00:22,22.412,12.616,サーバー(直接取得)
cam01,2026-08-16T05:28:36.099Z,2026-08-16 14:20:07,20.867,13.610,サーバー(直接取得)
cam02,2026-08-16T05:28:36.732Z,2026-08-16 14:20:07,19.854,13.588,サーバー(直接取得)
cam03,2026-08-16T05:28:36.946Z,2026-08-16 14:20:12,20.023,13.460,サーバー(直接取得)
cam04,2026-08-16T05:28:37.153Z,2026-08-16 14:20:07,18.012,13.513,サーバー(直接取得)
cam08,2026-08-16T05:28:37.361Z,2026-08-16 14:20:22,22.814,12.634,サーバー(直接取得)
cam09,2026-08-16T05:28:37.567Z,2026-08-16 14:20:16,19.958,13.539,サーバー(直接取得)
cam11,2026-08-16T05:28:37.780Z,2026-08-16 14:20:07,19.130,13.456,サーバー(直接取得)
cam12,2026-08-16T05:28:37.991Z,2026-08-16 14:20:07,17.135,13.390,サーバー(直接取得)
cam13,2026-08-16T05:28:38.199Z,2026-08-16 14:20:07,21.044,13.614,サーバー(直接取得)
cam14,2026-08-16T05:28:38.408Z,2026-08-16 14:20:17,20.328,13.464,サーバー(直接取得)
cam36,2026-08-16T05:28:38.620Z,2026-08-16 14:20:07,19.717,13.552,サーバー(直接取得)
cam40,2026-08-16T05:28:38.839Z,2026-08-16 14:20:07,17.094,13.500,サーバー(直接取得)
cam42,2026-08-16T05:28:39.049Z,2026-08-16 14:20:17,19.234,13.508,サーバー(直接取得)
cam43,2026-08-16T05:28:39.336Z,2026-08-16 14:20:23,17.159,13.064,サーバー(直接取得)
cam46,2026-08-16T05:28:39.563Z,2026-08-16 14:20:20,16.909,12.875,サーバー(直接取得)
cam47,2026-08-16T05:28:39.768Z,2026-08-16 14:20:07,16.966,13.056,サーバー(直接取得)
cam52,2026-08-16T05:28:39.974Z,2026-08-16 14:20:29,22.026,12.524,サーバー(直接取得)
cam53,2026-08-16T05:28:40.180Z,2026-08-16 14:20:04,22.742,13.741,サーバー(直接取得)
cam54,2026-08-16T05:28:40.384Z,2026-08-16 14:20:21,21.334,13.500,サーバー(直接取得)
cam55,2026-08-16T05:28:40.588Z,2026-08-16 14:20:22,22.533,12.616,サーバー(直接取得)
cam01,2026-08-16T05:36:47.772Z,2026-08-16 14:30:06,21.117,13.610,サーバー(直接取得)
cam02,2026-08-16T05:36:48.482Z,2026-08-16 14:30:07,21.302,13.610,サーバー(直接取得)
cam03,2026-08-16T05:36:48.711Z,2026-08-16 14:30:16,19.741,13.460,サーバー(直接取得)
cam04,2026-08-16T05:36:48.943Z,2026-08-16 14:30:07,20.272,13.530,サーバー(直接取得)
cam08,2026-08-16T05:36:49.172Z,2026-08-16 14:30:22,23.184,12.616,サーバー(直接取得)
cam09,2026-08-16T05:36:49.401Z,2026-08-16 14:30:16,18.583,13.548,サーバー(直接取得)
cam11,2026-08-16T05:36:49.637Z,2026-08-16 14:30:07,20.602,13.460,サーバー(直接取得)
cam12,2026-08-16T05:36:49.869Z,2026-08-16 14:30:07,17.111,13.399,サーバー(直接取得)
cam13,2026-08-16T05:36:50.101Z,2026-08-16 14:30:07,20.184,13.605,サーバー(直接取得)
cam14,2026-08-16T05:36:50.332Z,2026-08-16 14:30:18,17.135,13.442,サーバー(直接取得)
cam36,2026-08-16T05:36:50.564Z,2026-08-16 14:30:07,17.770,13.535,サーバー(直接取得)
cam40,2026-08-16T05:36:50.791Z,2026-08-16 14:30:08,17.038,13.486,サーバー(直接取得)
cam42,2026-08-16T05:36:51.023Z,2026-08-16 14:31:12,19.717,13.508,サーバー(直接取得)
cam43,2026-08-16T05:36:51.250Z,2026-08-16 14:30:15,19.275,13.469,サーバー(直接取得)
cam46,2026-08-16T05:36:51.470Z,2026-08-16 14:30:21,17.859,12.774,サーバー(直接取得)
cam47,2026-08-16T05:36:51.699Z,2026-08-16 14:30:07,16.958,13.038,サーバー(直接取得)
cam52,2026-08-16T05:36:51.955Z,2026-08-16 14:30:25,22.130,12.506,サーバー(直接取得)
cam53,2026-08-16T05:36:52.186Z,2026-08-16 14:30:04,22.090,13.500,サーバー(直接取得)
cam54,2026-08-16T05:36:52.421Z,2026-08-16 14:30:21,17.102,13.425,サーバー(直接取得)
cam55,2026-08-16T05:36:52.649Z,2026-08-16 14:30:21,22.412,12.612,サーバー(直接取得)
cam01,2026-08-16T05:57:55.158Z,2026-08-16 14:50:07,21.060,13.610,サーバー(直接取得)
cam02,2026-08-16T05:57:55.794Z,2026-08-16 14:50:07,21.294,13.610,サーバー(直接取得)
cam03,2026-08-16T05:57:56.012Z,2026-08-16 14:50:16,19.572,13.456,サーバー(直接取得)
cam04,2026-08-16T05:57:56.228Z,2026-08-16 14:50:07,19.918,13.530,サーバー(直接取得)
cam08,2026-08-16T05:57:56.458Z,2026-08-16 14:40:22,22.404,12.598,サーバー(直接取得)
cam09,2026-08-16T05:57:56.670Z,2026-08-16 14:50:16,19.033,13.544,サーバー(直接取得)
cam11,2026-08-16T05:57:56.873Z,2026-08-16 14:50:07,19.814,13.456,サーバー(直接取得)
cam12,2026-08-16T05:57:57.081Z,2026-08-16 14:50:07,17.086,13.311,サーバー(直接取得)
cam13,2026-08-16T05:57:57.284Z,2026-08-16 14:50:07,20.771,13.610,サーバー(直接取得)
cam14,2026-08-16T05:57:57.492Z,2026-08-16 14:50:17,20.336,13.464,サーバー(直接取得)
cam36,2026-08-16T05:57:57.706Z,2026-08-16 14:50:07,19.403,13.557,サーバー(直接取得)
cam40,2026-08-16T05:57:58.028Z,2026-08-16 14:50:07,19.991,13.548,サーバー(直接取得)
cam42,2026-08-16T05:57:58.237Z,2026-08-16 14:50:17,19.709,13.513,サーバー(直接取得)
cam43,2026-08-16T05:57:58.441Z,2026-08-16 14:50:23,18.752,13.460,サーバー(直接取得)
cam46,2026-08-16T05:57:58.650Z,2026-08-16 14:50:22,16.926,12.889,サーバー(直接取得)
cam47,2026-08-16T05:57:58.866Z,2026-08-16 14:50:07,19.146,13.544,サーバー(直接取得)
cam52,2026-08-16T05:57:59.072Z,2026-08-16 14:50:29,22.356,12.502,サーバー(直接取得)
cam53,2026-08-16T05:57:59.286Z,2026-08-16 14:50:04,22.404,13.605,サーバー(直接取得)
cam54,2026-08-16T05:57:59.502Z,2026-08-16 14:50:21,22.147,12.634,サーバー(直接取得)
cam55,2026-08-16T05:57:59.711Z,2026-08-16 14:50:22,22.492,12.603,サーバー(直接取得)
cam01,2026-08-16T06:33:26.979Z,2026-08-16 15:30:07,21.624,13.614,サーバー(直接取得)
cam02,2026-08-16T06:33:27.878Z,2026-08-16 15:30:07,20.658,13.601,サーバー(直接取得)
cam03,2026-08-16T06:33:28.139Z,2026-08-16 15:30:16,19.958,13.464,サーバー(直接取得)
cam04,2026-08-16T06:33:28.398Z,2026-08-16 15:30:06,18.744,13.522,サーバー(直接取得)
cam08,2026-08-16T06:33:28.667Z,2026-08-16 15:30:21,22.838,12.581,サーバー(直接取得)
cam09,2026-08-16T06:33:28.925Z,2026-08-16 15:32:44,20.095,13.535,サーバー(直接取得)
cam11,2026-08-16T06:33:29.188Z,2026-08-16 15:30:07,20.232,13.456,サーバー(直接取得)
cam12,2026-08-16T06:33:29.460Z,2026-08-16 15:30:07,17.094,13.399,サーバー(直接取得)
cam13,2026-08-16T06:33:29.722Z,2026-08-16 15:30:07,20.674,13.610,サーバー(直接取得)
cam14,2026-08-16T06:33:29.985Z,2026-08-16 15:30:20,20.248,13.464,サーバー(直接取得)
cam36,2026-08-16T06:33:30.244Z,2026-08-16 15:30:07,19.612,13.552,サーバー(直接取得)
cam40,2026-08-16T06:33:30.515Z,2026-08-16 15:30:07,16.990,13.495,サーバー(直接取得)
cam42,2026-08-16T06:33:30.779Z,2026-08-16 15:30:19,16.990,13.069,サーバー(直接取得)
cam43,2026-08-16T06:33:31.046Z,2026-08-16 15:30:19,19.339,13.473,サーバー(直接取得)
cam46,2026-08-16T06:33:31.312Z,2026-08-16 15:30:19,18.205,12.796,サーバー(直接取得)
cam47,2026-08-16T06:33:31.575Z,2026-08-16 15:30:07,16.958,13.135,サーバー(直接取得)
cam52,2026-08-16T06:33:31.840Z,2026-08-16 15:30:29,20.449,13.561,サーバー(直接取得)
cam53,2026-08-16T06:33:32.106Z,2026-08-16 15:30:04,22.734,13.733,サーバー(直接取得)
cam54,2026-08-16T06:33:32.370Z,2026-08-16 15:30:20,22.645,12.607,サーバー(直接取得)
cam55,2026-08-16T06:33:32.629Z,2026-08-16 15:30:22,22.323,12.590,サーバー(直接取得)
cam01,2026-08-16T07:10:51.732Z,2026-08-16 16:10:07,21.302,13.614,サーバー(直接取得)
cam02,2026-08-16T07:10:52.685Z,2026-08-16 16:10:07,17.046,13.377,サーバー(直接取得)
cam03,2026-08-16T07:10:52.946Z,2026-08-16 16:10:14,17.199,13.407,サーバー(直接取得)
cam04,2026-08-16T07:10:53.215Z,2026-08-16 16:10:07,17.102,13.073,サーバー(直接取得)
cam08,2026-08-16T07:10:53.478Z,2026-08-16 16:00:21,22.661,12.572,サーバー(直接取得)
cam09,2026-08-16T07:10:53.749Z,2026-08-16 16:10:16,17.078,12.831,サーバー(直接取得)
cam11,2026-08-16T07:10:54.014Z,2026-08-16 16:10:07,20.401,13.460,サーバー(直接取得)
cam12,2026-08-16T07:10:54.274Z,2026-08-16 16:10:07,17.094,13.144,サーバー(直接取得)
cam13,2026-08-16T07:10:54.543Z,2026-08-16 16:10:07,19.468,13.610,サーバー(直接取得)
cam14,2026-08-16T07:10:54.813Z,2026-08-16 16:10:18,19.500,13.460,サーバー(直接取得)
cam36,2026-08-16T07:10:55.069Z,2026-08-16 16:10:07,16.982,13.267,サーバー(直接取得)
cam40,2026-08-16T07:10:55.333Z,2026-08-16 16:10:07,16.998,13.394,サーバー(直接取得)
cam42,2026-08-16T07:10:55.602Z,2026-08-16 16:00:19,16.998,12.919,サーバー(直接取得)
cam43,2026-08-16T07:10:55.876Z,2026-08-16 16:00:22,17.143,12.783,サーバー(直接取得)
cam46,2026-08-16T07:10:56.145Z,2026-08-16 16:00:23,17.939,12.761,サーバー(直接取得)
cam47,2026-08-16T07:10:56.412Z,2026-08-16 16:10:07,16.958,13.082,サーバー(直接取得)
cam52,2026-08-16T07:10:56.679Z,2026-08-16 16:10:27,22.235,13.583,サーバー(直接取得)
cam53,2026-08-16T07:10:56.961Z,2026-08-16 16:10:04,21.809,13.900,サーバー(直接取得)
cam54,2026-08-16T07:10:57.232Z,2026-08-16 16:10:20,22.042,12.581,サーバー(直接取得)
cam55,2026-08-16T07:10:57.503Z,2026-08-16 16:10:21,21.447,12.590,サーバー(直接取得)
cam01,2026-08-16T07:43:25.877Z,2026-08-16 16:40:07,16.990,13.188,サーバー(直接取得)
cam02,2026-08-16T07:43:26.656Z,2026-08-16 16:40:06,17.038,13.297,サーバー(直接取得)
cam03,2026-08-16T07:43:26.904Z,2026-08-16 16:40:16,17.070,13.152,サーバー(直接取得)
cam04,2026-08-16T07:43:27.148Z,2026-08-16 16:40:07,17.086,12.915,サーバー(直接取得)
cam08,2026-08-16T07:43:27.389Z,2026-08-16 16:30:22,22.002,12.563,サーバー(直接取得)
cam09,2026-08-16T07:43:27.631Z,2026-08-16 16:40:16,17.094,12.748,サーバー(直接取得)
cam11,2026-08-16T07:43:27.871Z,2026-08-16 16:40:07,17.537,12.880,サーバー(直接取得)
cam12,2026-08-16T07:43:28.114Z,2026-08-16 16:40:07,17.086,12.959,サーバー(直接取得)
cam13,2026-08-16T07:43:28.362Z,2026-08-16 16:40:06,17.030,13.016,サーバー(直接取得)
cam14,2026-08-16T07:43:28.603Z,2026-08-16 16:40:20,16.934,12.845,サーバー(直接取得)
cam36,2026-08-16T07:43:28.859Z,2026-08-16 16:40:07,16.998,13.104,サーバー(直接取得)
cam40,2026-08-16T07:43:29.104Z,2026-08-16 16:40:07,16.990,13.183,サーバー(直接取得)
cam42,2026-08-16T07:43:29.351Z,2026-08-16 16:40:19,17.255,12.770,サーバー(直接取得)
cam43,2026-08-16T07:43:29.604Z,2026-08-16 16:40:16,17.135,12.590,サーバー(直接取得)
cam46,2026-08-16T07:43:29.854Z,2026-08-16 16:40:20,17.529,12.682,サーバー(直接取得)
cam47,2026-08-16T07:43:30.099Z,2026-08-16 16:40:07,16.942,12.911,サーバー(直接取得)
cam52,2026-08-16T07:43:30.349Z,2026-08-16 16:40:25,17.859,12.678,サーバー(直接取得)
cam53,2026-08-16T07:43:30.599Z,2026-08-16 16:40:04,20.690,13.693,サーバー(直接取得)
cam54,2026-08-16T07:43:30.847Z,2026-08-16 16:40:21,21.640,12.572,サーバー(直接取得)
cam55,2026-08-16T07:43:31.091Z,2026-08-16 16:40:22,20.843,12.572,サーバー(直接取得)
cam01,2026-08-16T07:59:50.106Z,2026-08-16 16:50:07,17.521,13.051,サーバー(直接取得)
cam02,2026-08-16T07:59:50.752Z,2026-08-16 16:50:08,17.022,13.122,サーバー(直接取得)
cam03,2026-08-16T07:59:50.971Z,2026-08-16 16:50:12,17.062,13.047,サーバー(直接取得)
cam04,2026-08-16T07:59:51.188Z,2026-08-16 16:50:07,17.094,12.928,サーバー(直接取得)
cam08,2026-08-16T07:59:51.439Z,2026-08-16 16:30:22,22.002,12.563,サーバー(直接取得)
cam09,2026-08-16T07:59:51.657Z,2026-08-16 16:50:18,17.086,12.748,サーバー(直接取得)
cam11,2026-08-16T07:59:51.873Z,2026-08-16 16:50:06,17.569,12.853,サーバー(直接取得)
cam12,2026-08-16T07:59:52.089Z,2026-08-16 16:50:06,17.086,12.937,サーバー(直接取得)
cam13,2026-08-16T07:59:52.301Z,2026-08-16 16:50:07,17.014,13.020,サーバー(直接取得)
cam14,2026-08-16T07:59:52.527Z,2026-08-16 16:50:16,16.950,12.814,サーバー(直接取得)
cam36,2026-08-16T07:59:52.745Z,2026-08-16 16:50:07,16.998,13.095,サーバー(直接取得)
cam40,2026-08-16T07:59:52.976Z,2026-08-16 16:50:07,16.990,13.117,サーバー(直接取得)
cam42,2026-08-16T07:59:53.191Z,2026-08-16 16:50:19,17.328,12.726,サーバー(直接取得)
cam43,2026-08-16T07:59:53.408Z,2026-08-16 16:50:23,17.279,12.572,サーバー(直接取得)
cam46,2026-08-16T07:59:53.627Z,2026-08-16 16:50:23,17.368,12.651,サーバー(直接取得)
cam47,2026-08-16T07:59:53.841Z,2026-08-16 16:50:07,16.950,12.884,サーバー(直接取得)
cam52,2026-08-16T07:59:54.054Z,2026-08-16 16:50:25,18.148,12.700,サーバー(直接取得)
cam53,2026-08-16T07:59:54.276Z,2026-08-16 16:50:04,21.632,13.728,サーバー(直接取得)
cam54,2026-08-16T07:59:54.489Z,2026-08-16 16:50:20,21.608,12.572,サーバー(直接取得)
cam55,2026-08-16T07:59:54.700Z,2026-08-16 16:50:21,21.205,12.568,サーバー(直接取得)
