拠点,取得時刻,機器の計測時刻,PV(V),BAT(V),水位(m),取得方法
cam01,2026-09-08T20:07:58.097Z,2026-09-09 05:00:06,0.426,12.242,,サーバー(直接取得)
cam02,2026-09-08T20:07:58.156Z,2026-09-09 05:00:06,0.892,12.005,0.480,サーバー(直接取得)
cam03,2026-09-08T20:07:58.158Z,2026-09-09 05:00:13,0.780,11.649,-4.560,サーバー(直接取得)
cam04,2026-09-08T20:07:58.159Z,2026-09-09 05:00:06,1.045,12.286,1.060,サーバー(直接取得)
cam08,2026-09-08T20:07:58.160Z,2026-09-09 04:30:21,0.667,12.216,0.100,サーバー(直接取得)
cam09,2026-09-08T20:07:59.071Z,2026-09-09 05:00:22,1.810,11.179,0.320,サーバー(直接取得)
cam11,2026-09-08T20:07:59.073Z,2026-09-09 05:00:07,1.094,12.291,0.500,サーバー(直接取得)
cam12,2026-09-08T20:07:59.279Z,2026-09-09 05:00:06,1.005,12.119,-0.054,サーバー(直接取得)
cam13,2026-09-08T20:07:59.289Z,2026-09-09 05:00:06,1.005,12.502,0.061,サーバー(直接取得)
cam14,2026-09-08T20:07:59.335Z,2026-09-09 05:00:11,1.005,11.605,0.047,サーバー(直接取得)
cam36,2026-09-08T20:07:59.350Z,2026-09-09 05:00:07,0.941,12.431,0.037,サーバー(直接取得)
cam39,2026-09-08T20:07:59.452Z,2026-09-09 05:06:06,24.085,13.403,0.064,サーバー(直接取得)
cam40,2026-09-08T20:07:59.556Z,2026-09-09 05:00:06,0.925,12.405,0.196,サーバー(直接取得)
cam41,2026-09-08T20:07:59.564Z,2026-09-09 05:00:03,1.142,12.598,0.128,サーバー(直接取得)
cam42,2026-09-08T20:07:59.610Z,2026-09-09 05:00:12,0.973,11.996,0.390,サーバー(直接取得)
cam43,2026-09-08T20:07:59.628Z,2026-09-09 05:00:16,0.965,11.403,0.460,サーバー(直接取得)
cam44,2026-09-08T20:07:59.725Z,2026-09-09 05:00:03,0.973,11.935,0.170,サーバー(直接取得)
cam45,2026-09-08T20:07:59.834Z,2026-09-09 05:00:03,0.973,12.321,0.360,サーバー(直接取得)
cam46,2026-09-08T20:07:59.840Z,2026-09-09 05:00:13,0.892,12.343,0.660,サーバー(直接取得)
cam47,2026-09-08T20:07:59.881Z,2026-09-09 05:00:06,1.769,12.023,0.438,サーバー(直接取得)
cam48,2026-09-08T20:07:59.896Z,2026-09-09 05:00:03,24.166,13.759,-16.470,サーバー(直接取得)
cam50,2026-09-08T20:07:59.990Z,2026-09-09 05:07:00,23.651,13.500,0.190,サーバー(直接取得)
cam51,2026-09-08T20:08:00.113Z,2026-09-09 05:06:16,23.442,13.614,0.100,サーバー(直接取得)
cam52,2026-09-08T20:08:00.127Z,2026-09-09 05:00:13,0.989,11.596,0.350,サーバー(直接取得)
cam53,2026-09-08T20:08:00.155Z,2026-09-09 05:00:16,1.110,12.339,0.040,サーバー(直接取得)
cam54,2026-09-08T20:08:00.168Z,2026-09-09 05:00:20,1.053,11.838,0.070,サーバー(直接取得)
cam55,2026-09-08T20:08:00.261Z,2026-09-09 05:00:21,1.053,11.974,0.720,サーバー(直接取得)
kw01,2026-09-08T20:08:00.396Z,2026/09/09 05:00,,,0.590,サーバー(国交省 川の防災情報)
kw02,2026-09-08T20:08:00.399Z,2026/09/09 05:00,,,0.320,サーバー(国交省 川の防災情報)
kw03,2026-09-08T20:08:00.422Z,2026/09/09 05:00,,,1.020,サーバー(国交省 川の防災情報)
kw04,2026-09-08T20:08:00.437Z,2026/09/09 05:00,,,0.840,サーバー(国交省 川の防災情報)
kw05,2026-09-08T20:08:00.534Z,2026/09/08 22:30,,,-1.280,サーバー(国交省 川の防災情報)
kw06,2026-09-08T20:08:00.832Z,2026/09/08 09:00,,,-2.360,サーバー(国交省 川の防災情報)
kw07,2026-09-08T20:08:00.834Z,2026/09/08 09:00,,,-4.160,サーバー(国交省 川の防災情報)
kw08,2026-09-08T20:08:00.870Z,2026/09/09 05:00,,,0.630,サーバー(国交省 川の防災情報)
kw09,2026-09-08T20:08:00.886Z,2026/09/08 10:00,,,-4.040,サーバー(国交省 川の防災情報)
kw10,2026-09-08T20:08:00.894Z,2026/09/09 05:00,,,0.230,サーバー(国交省 川の防災情報)
kw11,2026-09-08T20:08:01.106Z,2026/09/09 05:00,,,0.500,サーバー(国交省 川の防災情報)
cam01,2026-09-09T00:31:18.290Z,2026-09-09 09:30:07,17.746,12.554,,サーバー(直接取得)
cam02,2026-09-09T00:31:18.348Z,2026-09-09 09:30:07,18.728,12.462,0.480,サーバー(直接取得)
cam03,2026-09-09T00:31:18.350Z,2026-09-09 09:30:17,17.086,11.921,-4.580,サーバー(直接取得)
cam04,2026-09-09T00:31:18.351Z,2026-09-09 09:30:07,17.119,13.020,1.060,サーバー(直接取得)
cam08,2026-09-09T00:31:18.351Z,2026-09-09 09:30:21,19.299,12.950,0.140,サーバー(直接取得)
cam09,2026-09-09T00:31:19.052Z,2026-09-09 09:30:20,19.154,11.587,0.310,サーバー(直接取得)
cam11,2026-09-09T00:31:19.054Z,2026-09-09 09:30:07,17.143,12.695,0.430,サーバー(直接取得)
cam12,2026-09-09T00:31:19.166Z,2026-09-09 09:30:07,18.575,12.546,-0.066,サーバー(直接取得)
cam13,2026-09-09T00:31:19.171Z,2026-09-09 09:30:07,17.022,13.148,0.057,サーバー(直接取得)
cam14,2026-09-09T00:31:19.261Z,2026-09-09 09:30:20,16.950,12.093,0.047,サーバー(直接取得)
cam36,2026-09-09T00:31:19.273Z,2026-09-09 09:30:07,17.014,13.025,0.034,サーバー(直接取得)
cam39,2026-09-09T00:31:19.284Z,2026-09-09 09:30:06,24.085,13.381,0.058,サーバー(直接取得)
cam40,2026-09-09T00:31:19.377Z,2026-09-09 09:30:07,17.014,12.968,0.190,サーバー(直接取得)
cam41,2026-09-09T00:31:19.388Z,2026-09-09 09:30:03,17.038,12.998,0.124,サーバー(直接取得)
cam42,2026-09-09T00:31:19.466Z,2026-09-09 09:20:22,17.006,12.489,0.390,サーバー(直接取得)
cam43,2026-09-09T00:31:19.478Z,2026-09-09 09:20:23,17.175,11.939,0.450,サーバー(直接取得)
cam44,2026-09-09T00:31:19.503Z,2026-09-09 09:30:03,17.038,12.128,0.180,サーバー(直接取得)
cam45,2026-09-09T00:31:19.585Z,2026-09-09 09:20:04,16.974,12.607,0.350,サーバー(直接取得)
cam46,2026-09-09T00:31:19.600Z,2026-09-09 09:20:18,18.591,12.871,0.820,サーバー(直接取得)
cam47,2026-09-09T00:31:19.673Z,2026-09-09 09:30:07,16.966,12.541,0.467,サーバー(直接取得)
cam48,2026-09-09T00:31:19.692Z,2026-09-09 09:30:03,24.182,13.759,-16.560,サーバー(直接取得)
cam50,2026-09-09T00:31:19.706Z,2026-09-09 09:30:00,23.635,13.504,0.190,サーバー(直接取得)
cam51,2026-09-09T00:31:19.794Z,2026-09-09 09:28:19,23.611,13.605,0.100,サーバー(直接取得)
cam52,2026-09-09T00:31:19.805Z,2026-09-09 09:30:27,17.416,11.886,0.330,サーバー(直接取得)
cam53,2026-09-09T00:31:19.881Z,2026-09-09 09:30:24,18.921,12.955,0.030,サーバー(直接取得)
cam54,2026-09-09T00:31:19.901Z,2026-09-09 09:30:21,19.250,12.300,0.070,サーバー(直接取得)
cam55,2026-09-09T00:31:19.926Z,2026-09-09 09:30:22,17.851,12.146,0.730,サーバー(直接取得)
kw05,2026-09-09T00:31:20.130Z,2026/09/09 09:00,,,-1.290,サーバー(国交省 川の防災情報)
kw06,2026-09-09T00:31:20.580Z,2026/09/09 09:00,,,-2.510,サーバー(国交省 川の防災情報)
kw07,2026-09-09T00:31:20.595Z,2026/09/09 09:00,,,-4.200,サーバー(国交省 川の防災情報)
kw09,2026-09-09T00:31:20.617Z,2026/09/08 10:00,,,-4.040,サーバー(国交省 川の防災情報)
cam01,2026-09-09T05:03:20.847Z,2026-09-09 14:00:07,17.851,12.625,,サーバー(直接取得)
cam02,2026-09-09T05:03:20.906Z,2026-09-09 14:00:07,17.030,12.383,0.460,サーバー(直接取得)
cam03,2026-09-09T05:03:20.908Z,2026-09-09 14:00:14,17.070,12.532,-4.580,サーバー(直接取得)
cam04,2026-09-09T05:03:20.909Z,2026-09-09 14:00:06,17.102,12.840,1.030,サーバー(直接取得)
cam08,2026-09-09T05:03:20.910Z,2026-09-09 13:40:22,17.030,12.735,0.130,サーバー(直接取得)
cam09,2026-09-09T05:03:21.497Z,2026-09-09 14:00:21,18.229,12.620,0.290,サーバー(直接取得)
cam11,2026-09-09T05:03:21.501Z,2026-09-09 14:00:07,17.143,12.695,0.502,サーバー(直接取得)
cam12,2026-09-09T05:03:21.706Z,2026-09-09 14:00:07,17.625,12.427,-0.075,サーバー(直接取得)
cam13,2026-09-09T05:03:21.724Z,2026-09-09 14:00:07,17.022,13.012,0.053,サーバー(直接取得)
cam14,2026-09-09T05:03:21.740Z,2026-09-09 14:00:22,16.950,11.965,0.037,サーバー(直接取得)
cam36,2026-09-09T05:03:21.742Z,2026-09-09 14:00:07,17.006,12.893,0.029,サーバー(直接取得)
cam39,2026-09-09T05:03:21.879Z,2026-09-09 14:02:06,24.085,13.381,0.056,サーバー(直接取得)
cam40,2026-09-09T05:03:21.915Z,2026-09-09 14:00:07,17.006,12.959,0.194,サーバー(直接取得)
cam41,2026-09-09T05:03:21.931Z,2026-09-09 14:00:03,17.086,13.047,0.124,サーバー(直接取得)
cam42,2026-09-09T05:03:21.953Z,2026-09-09 14:00:16,16.998,12.308,0.390,サーバー(直接取得)
cam43,2026-09-09T05:03:21.961Z,2026-09-09 14:00:19,17.151,12.748,0.450,サーバー(直接取得)
cam44,2026-09-09T05:03:22.094Z,2026-09-09 14:00:03,17.014,12.089,0.180,サーバー(直接取得)
cam45,2026-09-09T05:03:22.119Z,2026-09-09 14:00:03,17.094,12.515,0.340,サーバー(直接取得)
cam46,2026-09-09T05:03:22.137Z,2026-09-09 14:00:21,18.229,12.673,0.760,サーバー(直接取得)
cam47,2026-09-09T05:03:22.155Z,2026-09-09 14:00:07,16.966,12.497,0.456,サーバー(直接取得)
cam48,2026-09-09T05:03:22.157Z,2026-09-09 14:00:03,24.166,13.772,-16.380,サーバー(直接取得)
cam50,2026-09-09T05:03:22.306Z,2026-09-09 14:02:00,23.643,13.500,0.190,サーバー(直接取得)
cam51,2026-09-09T05:03:22.328Z,2026-09-09 14:02:18,23.603,13.601,0.090,サーバー(直接取得)
cam52,2026-09-09T05:03:22.344Z,2026-09-09 14:00:25,18.293,12.827,0.320,サーバー(直接取得)
cam53,2026-09-09T05:03:22.359Z,2026-09-09 14:00:29,16.950,12.779,0.030,サーバー(直接取得)
cam54,2026-09-09T05:03:22.371Z,2026-09-09 14:00:21,18.213,12.212,0.060,サーバー(直接取得)
cam55,2026-09-09T05:03:22.518Z,2026-09-09 14:00:21,17.859,12.159,0.710,サーバー(直接取得)
kw01,2026-09-09T05:03:22.548Z,2026/09/09 13:50,,,0.580,サーバー(国交省 川の防災情報)
kw02,2026-09-09T05:03:22.560Z,2026/09/09 13:50,,,0.280,サーバー(国交省 川の防災情報)
kw03,2026-09-09T05:03:22.566Z,2026/09/09 13:50,,,1.020,サーバー(国交省 川の防災情報)
kw04,2026-09-09T05:03:22.751Z,2026/09/09 13:50,,,0.830,サーバー(国交省 川の防災情報)
kw05,2026-09-09T05:03:22.895Z,2026/09/09 13:35,,,-1.280,サーバー(国交省 川の防災情報)
kw06,2026-09-09T05:03:23.094Z,2026/09/09 09:00,,,-2.510,サーバー(国交省 川の防災情報)
kw07,2026-09-09T05:03:23.094Z,2026/09/09 09:00,,,-4.200,サーバー(国交省 川の防災情報)
kw08,2026-09-09T05:03:23.118Z,2026/09/09 13:50,,,0.590,サーバー(国交省 川の防災情報)
kw09,2026-09-09T05:03:23.341Z,2026/09/09 10:00,,,-4.040,サーバー(国交省 川の防災情報)
kw10,2026-09-09T05:03:23.344Z,2026/09/09 13:50,,,0.240,サーバー(国交省 川の防災情報)
kw11,2026-09-09T05:03:23.387Z,2026/09/09 13:50,,,0.530,サーバー(国交省 川の防災情報)
cam01,2026-09-09T09:35:11.751Z,2026-09-09 18:30:07,0.136,12.247,,サーバー(直接取得)
cam02,2026-09-09T09:35:11.809Z,2026-09-09 18:30:07,0.225,12.058,0.460,サーバー(直接取得)
cam03,2026-09-09T09:35:11.811Z,2026-09-09 18:30:11,0.514,12.326,-4.580,サーバー(直接取得)
cam04,2026-09-09T09:35:11.812Z,2026-09-09 18:30:07,0.370,12.427,1.050,サーバー(直接取得)
cam08,2026-09-09T09:35:11.813Z,2026-09-09 18:30:21,0.917,12.330,0.130,サーバー(直接取得)
cam09,2026-09-09T09:35:12.393Z,2026-09-09 18:30:16,1.802,12.278,0.310,サーバー(直接取得)
cam11,2026-09-09T09:35:12.397Z,2026-09-09 18:30:06,1.045,12.304,0.418,サーバー(直接取得)
cam12,2026-09-09T09:35:12.604Z,2026-09-09 18:30:06,0.329,12.185,-0.060,サーバー(直接取得)
cam13,2026-09-09T09:35:12.618Z,2026-09-09 18:30:06,0.362,12.651,0.049,サーバー(直接取得)
cam14,2026-09-09T09:35:12.813Z,2026-09-09 18:30:14,0.418,11.710,0.037,サーバー(直接取得)
cam36,2026-09-09T09:35:12.825Z,2026-09-09 18:30:07,0.345,12.493,0.030,サーバー(直接取得)
cam39,2026-09-09T09:35:13.034Z,2026-09-09 18:34:06,24.093,13.377,0.064,サーバー(直接取得)
cam40,2026-09-09T09:35:13.041Z,2026-09-09 18:30:06,0.442,12.528,0.183,サーバー(直接取得)
cam41,2026-09-09T09:35:13.243Z,2026-09-09 18:30:04,1.126,12.651,0.128,サーバー(直接取得)
cam42,2026-09-09T09:35:13.253Z,2026-09-09 18:30:15,0.450,12.018,0.380,サーバー(直接取得)
cam43,2026-09-09T09:35:13.449Z,2026-09-09 18:30:13,0.466,12.396,0.450,サーバー(直接取得)
cam44,2026-09-09T09:35:13.466Z,2026-09-09 18:30:03,0.965,11.917,0.160,サーバー(直接取得)
cam45,2026-09-09T09:35:13.655Z,2026-09-09 18:30:03,0.691,12.295,0.350,サーバー(直接取得)
cam46,2026-09-09T09:35:13.674Z,2026-09-09 18:30:11,0.579,12.260,0.820,サーバー(直接取得)
cam47,2026-09-09T09:35:13.872Z,2026-09-09 18:30:06,1.729,12.119,0.435,サーバー(直接取得)
cam48,2026-09-09T09:35:13.878Z,2026-09-09 18:30:03,24.182,13.750,-16.490,サーバー(直接取得)
cam50,2026-09-09T09:35:14.097Z,2026-09-09 18:34:00,23.651,13.500,0.190,サーバー(直接取得)
cam51,2026-09-09T09:35:14.120Z,2026-09-09 18:34:15,23.426,13.618,0.100,サーバー(直接取得)
cam52,2026-09-09T09:35:14.302Z,2026-09-09 18:30:13,0.514,12.405,0.300,サーバー(直接取得)
cam53,2026-09-09T09:35:14.321Z,2026-09-09 18:30:17,0.538,12.427,0.030,サーバー(直接取得)
cam54,2026-09-09T09:35:14.509Z,2026-09-09 18:30:20,0.538,11.965,0.070,サーバー(直接取得)
cam55,2026-09-09T09:35:14.524Z,2026-09-09 18:30:21,0.933,11.957,0.720,サーバー(直接取得)
cam01,2026-09-09T13:52:04.760Z,2026-09-09 22:50:07,0.104,12.154,,サーバー(直接取得)
cam02,2026-09-09T13:52:04.819Z,2026-09-09 22:50:06,0.176,11.904,1.620,サーバー(直接取得)
cam03,2026-09-09T13:52:04.820Z,2026-09-09 22:50:11,0.522,12.273,-4.580,サーバー(直接取得)
cam04,2026-09-09T13:52:04.822Z,2026-09-09 22:50:06,0.297,12.321,1.260,サーバー(直接取得)
cam08,2026-09-09T13:52:04.823Z,2026-09-09 22:50:21,0.659,12.247,0.490,サーバー(直接取得)
cam09,2026-09-09T13:52:05.423Z,2026-09-09 22:50:19,1.946,12.172,0.320,サーバー(直接取得)
cam11,2026-09-09T13:52:05.427Z,2026-09-09 22:50:06,1.061,12.203,0.811,サーバー(直接取得)
cam12,2026-09-09T13:52:05.646Z,2026-09-09 22:50:06,0.257,12.075,-0.047,サーバー(直接取得)
cam13,2026-09-09T13:52:05.658Z,2026-09-09 22:50:07,0.273,12.541,0.111,サーバー(直接取得)
cam14,2026-09-09T13:52:05.668Z,2026-09-09 22:50:13,0.386,11.543,0.107,サーバー(直接取得)
cam36,2026-09-09T13:52:05.677Z,2026-09-09 22:50:07,0.305,12.379,0.043,サーバー(直接取得)
cam39,2026-09-09T13:52:05.864Z,2026-09-09 22:50:06,24.085,13.407,0.069,サーバー(直接取得)
cam40,2026-09-09T13:52:05.886Z,2026-09-09 22:50:07,0.329,12.401,0.450,サーバー(直接取得)
cam41,2026-09-09T13:52:05.896Z,2026-09-09 22:50:04,1.126,12.537,0.143,サーバー(直接取得)
cam42,2026-09-09T13:52:05.913Z,2026-09-09 22:40:12,0.313,11.891,0.430,サーバー(直接取得)
cam43,2026-09-09T13:52:06.085Z,2026-09-09 22:40:15,0.345,12.326,0.460,サーバー(直接取得)
cam44,2026-09-09T13:52:06.113Z,2026-09-09 22:50:03,0.981,11.882,0.170,サーバー(直接取得)
cam45,2026-09-09T13:52:06.119Z,2026-09-09 22:50:03,0.571,12.203,0.380,サーバー(直接取得)
cam46,2026-09-09T13:52:06.137Z,2026-09-09 22:40:11,0.490,12.150,0.820,サーバー(直接取得)
cam47,2026-09-09T13:52:06.213Z,2026-09-09 22:50:06,1.721,11.987,0.446,サーバー(直接取得)
cam48,2026-09-09T13:52:06.309Z,2026-09-09 22:50:03,24.190,13.759,-16.580,サーバー(直接取得)
cam50,2026-09-09T13:52:06.333Z,2026-09-09 22:51:00,23.595,13.500,0.330,サーバー(直接取得)
cam51,2026-09-09T13:52:06.346Z,2026-09-09 22:50:17,23.434,13.618,0.240,サーバー(直接取得)
cam52,2026-09-09T13:52:06.381Z,2026-09-09 22:50:14,0.394,12.348,0.540,サーバー(直接取得)
cam53,2026-09-09T13:52:06.427Z,2026-09-09 22:50:12,0.402,12.282,0.080,サーバー(直接取得)
cam54,2026-09-09T13:52:06.532Z,2026-09-09 22:50:20,0.410,11.838,0.100,サーバー(直接取得)
cam55,2026-09-09T13:52:06.550Z,2026-09-09 22:50:21,0.772,11.877,1.140,サーバー(直接取得)
kw01,2026-09-09T13:52:06.563Z,2026/09/09 22:40,,,1.100,サーバー(国交省 川の防災情報)
kw02,2026-09-09T13:52:06.606Z,2026/09/09 22:40,,,1.130,サーバー(国交省 川の防災情報)
kw03,2026-09-09T13:52:06.648Z,2026/09/09 22:40,,,1.230,サーバー(国交省 川の防災情報)
kw04,2026-09-09T13:52:06.748Z,2026/09/09 22:40,,,1.230,サーバー(国交省 川の防災情報)
kw05,2026-09-09T13:52:06.769Z,2026/09/09 14:55,,,-1.280,サーバー(国交省 川の防災情報)
kw06,2026-09-09T13:52:07.002Z,2026/09/09 09:00,,,-2.510,サーバー(国交省 川の防災情報)
kw07,2026-09-09T13:52:07.003Z,2026/09/09 09:00,,,-4.200,サーバー(国交省 川の防災情報)
kw08,2026-09-09T13:52:07.019Z,2026/09/09 22:40,,,1.940,サーバー(国交省 川の防災情報)
kw09,2026-09-09T13:52:07.060Z,2026/09/09 10:00,,,-4.040,サーバー(国交省 川の防災情報)
kw10,2026-09-09T13:52:07.142Z,2026/09/09 22:40,,,2.200,サーバー(国交省 川の防災情報)
kw11,2026-09-09T13:52:07.234Z,2026/09/09 22:40,,,1.600,サーバー(国交省 川の防災情報)
cam01,2026-09-09T17:20:47.336Z,2026-09-10 02:20:06,0.096,12.102,,サーバー(直接取得)
cam02,2026-09-09T17:20:47.391Z,2026-09-10 02:20:06,0.168,11.842,1.240,サーバー(直接取得)
cam03,2026-09-09T17:20:47.393Z,2026-09-10 02:20:11,0.530,12.212,-4.580,サーバー(直接取得)
cam04,2026-09-09T17:20:47.394Z,2026-09-10 02:20:07,0.281,12.238,1.050,サーバー(直接取得)
cam08,2026-09-09T17:20:47.394Z,2026-09-10 02:10:21,0.643,12.181,0.180,サーバー(直接取得)
cam09,2026-09-09T17:20:47.971Z,2026-09-10 02:20:18,1.842,12.110,0.330,サーバー(直接取得)
cam11,2026-09-09T17:20:47.978Z,2026-09-10 02:20:06,1.061,12.150,0.628,サーバー(直接取得)
cam12,2026-09-09T17:20:47.988Z,2026-09-10 02:20:07,0.241,12.027,-0.057,サーバー(直接取得)
cam13,2026-09-09T17:20:47.993Z,2026-09-10 02:20:06,0.257,12.467,0.075,サーバー(直接取得)
cam14,2026-09-09T17:20:48.010Z,2026-09-10 02:20:13,0.273,11.469,0.067,サーバー(直接取得)
cam36,2026-09-09T17:20:48.185Z,2026-09-10 02:20:07,0.289,12.300,0.035,サーバー(直接取得)
cam39,2026-09-09T17:20:48.199Z,2026-09-10 02:20:05,24.085,13.407,0.056,サーバー(直接取得)
cam40,2026-09-09T17:20:48.213Z,2026-09-10 02:20:07,0.321,12.330,0.263,サーバー(直接取得)
cam41,2026-09-09T17:20:48.217Z,2026-09-10 02:20:03,1.126,12.506,0.127,サーバー(直接取得)
cam42,2026-09-09T17:20:48.231Z,2026-09-10 02:10:19,0.289,11.856,0.400,サーバー(直接取得)
cam43,2026-09-09T17:20:48.393Z,2026-09-10 02:10:12,0.321,12.273,0.460,サーバー(直接取得)
cam44,2026-09-09T17:20:48.407Z,2026-09-10 02:20:03,0.981,11.851,0.160,サーバー(直接取得)
cam45,2026-09-09T17:20:48.425Z,2026-09-10 02:20:03,0.571,12.146,0.360,サーバー(直接取得)
cam46,2026-09-09T17:20:48.448Z,2026-09-10 02:10:15,0.482,12.119,0.810,サーバー(直接取得)
cam47,2026-09-09T17:20:48.463Z,2026-09-10 02:20:06,1.705,11.926,0.453,サーバー(直接取得)
cam48,2026-09-09T17:20:48.612Z,2026-09-10 02:20:03,24.190,13.737,-16.440,サーバー(直接取得)
cam50,2026-09-09T17:20:48.613Z,2026-09-10 02:20:00,23.611,13.504,0.210,サーバー(直接取得)
cam51,2026-09-09T17:20:48.646Z,2026-09-10 02:20:15,23.418,13.618,0.150,サーバー(直接取得)
cam52,2026-09-09T17:20:48.648Z,2026-09-10 02:20:14,0.394,12.291,0.440,サーバー(直接取得)
cam53,2026-09-09T17:20:48.672Z,2026-09-10 02:20:07,0.402,12.256,0.050,サーバー(直接取得)
cam54,2026-09-09T17:20:48.828Z,2026-09-10 02:20:20,0.410,11.776,0.080,サーバー(直接取得)
cam55,2026-09-09T17:20:48.833Z,2026-09-10 02:20:21,0.732,11.856,1.140,サーバー(直接取得)
cam01,2026-09-09T19:50:47.889Z,2026-09-10 04:50:06,0.104,12.075,,サーバー(直接取得)
cam02,2026-09-09T19:50:47.948Z,2026-09-10 04:50:07,0.209,11.790,0.840,サーバー(直接取得)
cam03,2026-09-09T19:50:47.950Z,2026-09-10 04:50:11,0.538,12.194,-4.580,サーバー(直接取得)
cam04,2026-09-09T19:50:47.950Z,2026-09-10 04:50:07,0.321,12.207,1.040,サーバー(直接取得)
cam08,2026-09-09T19:50:47.951Z,2026-09-10 04:20:21,0.643,12.154,0.160,サーバー(直接取得)
cam09,2026-09-09T19:50:48.546Z,2026-09-10 04:50:20,1.818,12.089,0.290,サーバー(直接取得)
cam11,2026-09-09T19:50:48.549Z,2026-09-10 04:50:07,1.061,12.115,0.497,サーバー(直接取得)
cam12,2026-09-09T19:50:48.636Z,2026-09-10 04:50:06,0.265,11.979,-0.060,サーバー(直接取得)
cam13,2026-09-09T19:50:48.668Z,2026-09-10 04:50:06,0.289,12.431,0.066,サーバー(直接取得)
cam14,2026-09-09T19:50:48.769Z,2026-09-10 04:50:12,0.305,11.425,0.057,サーバー(直接取得)
cam36,2026-09-09T19:50:48.784Z,2026-09-10 04:50:06,0.313,12.278,0.033,サーバー(直接取得)
cam39,2026-09-09T19:50:48.807Z,2026-09-10 04:50:06,24.085,13.407,0.054,サーバー(直接取得)
cam40,2026-09-09T19:50:48.860Z,2026-09-10 04:50:06,0.345,12.313,0.242,サーバー(直接取得)
cam41,2026-09-09T19:50:48.887Z,2026-09-10 04:50:03,1.118,12.493,0.128,サーバー(直接取得)
cam42,2026-09-09T19:50:48.993Z,2026-09-10 04:40:11,0.281,11.816,0.390,サーバー(直接取得)
cam43,2026-09-09T19:50:49.016Z,2026-09-10 04:40:10,0.321,12.242,0.450,サーバー(直接取得)
cam44,2026-09-09T19:50:49.035Z,2026-09-10 04:50:03,0.981,11.825,0.160,サーバー(直接取得)
cam45,2026-09-09T19:50:49.074Z,2026-09-10 04:50:03,0.611,12.110,0.360,サーバー(直接取得)
cam46,2026-09-09T19:50:49.094Z,2026-09-10 04:40:11,0.474,12.080,0.820,サーバー(直接取得)
cam47,2026-09-09T19:50:49.210Z,2026-09-10 04:50:06,1.745,11.886,0.454,サーバー(直接取得)
cam48,2026-09-09T19:50:49.226Z,2026-09-10 04:50:03,24.182,13.741,-16.260,サーバー(直接取得)
cam50,2026-09-09T19:50:49.248Z,2026-09-10 04:50:00,23.611,13.504,0.200,サーバー(直接取得)
cam51,2026-09-09T19:50:49.293Z,2026-09-10 04:46:16,23.442,13.618,0.130,サーバー(直接取得)
cam52,2026-09-09T19:50:49.305Z,2026-09-10 04:50:14,0.434,12.269,0.420,サーバー(直接取得)
cam53,2026-09-09T19:50:49.475Z,2026-09-10 04:40:04,0.402,12.234,0.040,サーバー(直接取得)
cam54,2026-09-09T19:50:49.491Z,2026-09-10 04:50:20,0.434,11.737,0.070,サーバー(直接取得)
cam55,2026-09-09T19:50:49.491Z,2026-09-10 04:50:21,0.788,11.781,1.140,サーバー(直接取得)
cam01,2026-09-09T21:59:57.464Z,2026-09-10 06:50:07,17.014,12.181,,サーバー(直接取得)
cam02,2026-09-09T21:59:57.504Z,2026-09-10 06:50:08,17.054,11.899,0.620,サーバー(直接取得)
cam03,2026-09-09T21:59:57.505Z,2026-09-10 06:50:16,16.161,12.185,-4.430,サーバー(直接取得)
cam04,2026-09-09T21:59:57.507Z,2026-09-10 06:50:07,17.135,12.317,1.030,サーバー(直接取得)
cam08,2026-09-09T21:59:57.508Z,2026-09-10 06:50:21,17.062,12.286,0.140,サーバー(直接取得)
cam09,2026-09-09T22:00:00.156Z,2026-09-10 06:50:22,17.151,12.212,0.300,サーバー(直接取得)
cam11,2026-09-09T22:00:00.168Z,2026-09-10 06:50:07,17.207,12.256,0.490,サーバー(直接取得)
cam12,2026-09-09T22:00:00.352Z,2026-09-10 06:50:07,17.111,12.014,-0.061,サーバー(直接取得)
cam13,2026-09-09T22:00:00.369Z,2026-09-10 06:50:07,17.078,12.471,0.064,サーバー(直接取得)
cam14,2026-09-09T22:00:00.402Z,2026-09-10 06:50:16,16.974,11.526,0.057,サーバー(直接取得)
cam36,2026-09-09T22:00:00.427Z,2026-09-10 06:50:07,17.014,12.383,0.028,サーバー(直接取得)
cam39,2026-09-09T22:00:00.487Z,2026-09-10 06:58:06,24.093,13.381,0.056,サーバー(直接取得)
cam40,2026-09-09T22:00:00.598Z,2026-09-10 06:50:07,17.030,12.418,0.232,サーバー(直接取得)
cam41,2026-09-09T22:00:00.610Z,2026-09-10 06:50:03,17.054,12.541,0.126,サーバー(直接取得)
cam42,2026-09-09T22:00:00.639Z,2026-09-10 06:50:17,17.094,11.838,0.390,サーバー(直接取得)
cam43,2026-09-09T22:00:00.662Z,2026-09-10 06:50:24,17.199,12.352,0.450,サーバー(直接取得)
cam44,2026-09-09T22:00:00.725Z,2026-09-10 06:50:03,15.622,11.838,0.150,サーバー(直接取得)
cam45,2026-09-09T22:00:00.844Z,2026-09-10 06:50:03,16.555,12.106,0.360,サーバー(直接取得)
cam46,2026-09-09T22:00:00.858Z,2026-09-10 06:50:19,17.030,12.194,0.810,サーバー(直接取得)
cam47,2026-09-09T22:00:00.878Z,2026-09-10 06:50:06,16.998,12.001,0.470,サーバー(直接取得)
cam48,2026-09-09T22:00:00.906Z,2026-09-10 06:50:03,24.190,13.750,-16.420,サーバー(直接取得)
cam50,2026-09-09T22:00:00.964Z,2026-09-10 06:59:00,23.651,13.504,0.200,サーバー(直接取得)
cam51,2026-09-09T22:00:01.086Z,2026-09-10 06:58:18,23.578,13.605,0.120,サーバー(直接取得)
cam52,2026-09-09T22:00:01.100Z,2026-09-10 06:50:22,17.014,12.409,0.400,サーバー(直接取得)
cam53,2026-09-09T22:00:01.121Z,2026-09-10 06:50:17,16.982,12.229,0.040,サーバー(直接取得)
cam54,2026-09-09T22:00:01.143Z,2026-09-10 06:50:21,17.062,11.754,0.070,サーバー(直接取得)
cam55,2026-09-09T22:00:01.206Z,2026-09-10 06:50:21,17.175,11.807,1.140,サーバー(直接取得)
cam01,2026-09-09T23:52:50.579Z,2026-09-10 08:50:07,17.006,12.361,,サーバー(直接取得)
cam02,2026-09-09T23:52:50.638Z,2026-09-10 08:50:07,17.062,12.093,0.490,サーバー(直接取得)
cam03,2026-09-09T23:52:50.639Z,2026-09-10 08:50:16,17.086,12.317,-3.890,サーバー(直接取得)
cam04,2026-09-09T23:52:50.641Z,2026-09-10 08:50:07,17.127,12.647,1.050,サーバー(直接取得)
cam08,2026-09-09T23:52:50.642Z,2026-09-10 08:50:22,17.054,12.616,0.120,サーバー(直接取得)
cam09,2026-09-09T23:52:51.221Z,2026-09-10 08:50:21,18.197,12.409,0.290,サーバー(直接取得)
cam11,2026-09-09T23:52:51.225Z,2026-09-10 08:50:07,17.159,12.506,0.409,サーバー(直接取得)
cam12,2026-09-09T23:52:51.422Z,2026-09-10 08:50:07,17.119,12.124,-0.065,サーバー(直接取得)
cam13,2026-09-09T23:52:51.433Z,2026-09-10 08:50:07,17.038,12.796,0.055,サーバー(直接取得)
cam14,2026-09-09T23:52:51.630Z,2026-09-10 08:50:20,16.966,11.649,0.047,サーバー(直接取得)
cam36,2026-09-09T23:52:51.645Z,2026-09-10 08:50:07,17.030,12.625,0.024,サーバー(直接取得)
cam39,2026-09-09T23:52:51.836Z,2026-09-10 08:52:06,24.093,13.381,0.050,サーバー(直接取得)
cam40,2026-09-09T23:52:51.857Z,2026-09-10 08:50:06,17.030,12.695,0.220,サーバー(直接取得)
cam41,2026-09-09T23:52:52.043Z,2026-09-10 08:50:03,17.070,12.933,0.118,サーバー(直接取得)
cam42,2026-09-09T23:52:52.068Z,2026-09-10 08:40:17,17.006,11.948,0.390,サーバー(直接取得)
cam43,2026-09-09T23:52:52.260Z,2026-09-10 08:40:19,17.159,12.440,0.450,サーバー(直接取得)
cam44,2026-09-09T23:52:52.269Z,2026-09-10 08:50:03,17.038,11.935,0.140,サーバー(直接取得)
cam45,2026-09-09T23:52:52.469Z,2026-09-10 08:50:03,17.127,12.326,0.350,サーバー(直接取得)
cam46,2026-09-09T23:52:52.478Z,2026-09-10 08:50:20,17.923,12.300,0.810,サーバー(直接取得)
cam47,2026-09-09T23:52:52.683Z,2026-09-10 08:50:07,16.982,12.212,0.488,サーバー(直接取得)
cam48,2026-09-09T23:52:52.688Z,2026-09-10 08:50:03,24.158,13.772,-16.410,サーバー(直接取得)
cam50,2026-09-09T23:52:52.897Z,2026-09-10 08:52:00,23.635,13.504,0.180,サーバー(直接取得)
cam51,2026-09-09T23:52:52.903Z,2026-09-10 08:52:21,23.570,13.605,0.100,サーバー(直接取得)
cam52,2026-09-09T23:52:53.110Z,2026-09-10 08:50:26,17.609,12.607,0.390,サーバー(直接取得)
cam53,2026-09-09T23:52:53.117Z,2026-09-10 08:50:25,16.966,12.541,0.030,サーバー(直接取得)
cam54,2026-09-09T23:52:53.313Z,2026-09-10 08:50:21,18.333,11.948,0.070,サーバー(直接取得)
cam55,2026-09-09T23:52:53.323Z,2026-09-10 08:50:21,17.094,11.943,1.140,サーバー(直接取得)
kw01,2026-09-09T23:52:53.467Z,2026/09/10 08:40,,,0.640,サーバー(国交省 川の防災情報)
kw02,2026-09-09T23:52:53.489Z,2026/09/10 08:40,,,0.410,サーバー(国交省 川の防災情報)
kw03,2026-09-09T23:52:53.513Z,2026/09/10 08:40,,,1.030,サーバー(国交省 川の防災情報)
kw04,2026-09-09T23:52:53.527Z,2026/09/10 08:40,,,0.890,サーバー(国交省 川の防災情報)
kw05,2026-09-09T23:52:53.603Z,2026/09/09 14:55,,,-1.280,サーバー(国交省 川の防災情報)
kw06,2026-09-09T23:52:54.102Z,2026/09/09 09:00,,,-2.510,サーバー(国交省 川の防災情報)
kw07,2026-09-09T23:52:54.103Z,2026/09/09 09:00,,,-4.200,サーバー(国交省 川の防災情報)
kw08,2026-09-09T23:52:54.117Z,2026/09/10 08:40,,,0.760,サーバー(国交省 川の防災情報)
kw09,2026-09-09T23:52:54.177Z,2026/09/09 10:00,,,-4.040,サーバー(国交省 川の防災情報)
kw10,2026-09-09T23:52:54.178Z,2026/09/10 08:40,,,0.310,サーバー(国交省 川の防災情報)
kw11,2026-09-09T23:52:54.342Z,2026/09/10 08:40,,,0.740,サーバー(国交省 川の防災情報)
cam01,2026-09-10T01:32:04.386Z,2026-09-10 10:30:06,17.006,12.515,,サーバー(直接取得)
cam02,2026-09-10T01:32:04.445Z,2026-09-10 10:30:08,17.070,12.251,0.490,サーバー(直接取得)
cam03,2026-09-10T01:32:04.447Z,2026-09-10 10:30:16,17.094,12.493,-4.580,サーバー(直接取得)
cam04,2026-09-10T01:32:04.448Z,2026-09-10 10:30:07,17.135,12.911,1.040,サーバー(直接取得)
cam08,2026-09-10T01:32:04.449Z,2026-09-10 10:30:22,17.054,12.897,0.120,サーバー(直接取得)
cam09,2026-09-10T01:32:05.722Z,2026-09-10 10:30:21,18.953,12.660,0.310,サーバー(直接取得)
cam11,2026-09-10T01:32:05.724Z,2026-09-10 10:30:07,17.159,12.783,0.482,サーバー(直接取得)
cam12,2026-09-10T01:32:05.985Z,2026-09-10 10:30:07,18.478,12.282,-0.066,サーバー(直接取得)
cam13,2026-09-10T01:32:05.991Z,2026-09-10 10:30:07,17.038,13.064,0.052,サーバー(直接取得)
cam14,2026-09-10T01:32:06.249Z,2026-09-10 10:30:23,16.966,11.820,0.047,サーバー(直接取得)
cam36,2026-09-10T01:32:06.254Z,2026-09-10 10:30:07,17.030,12.871,0.023,サーバー(直接取得)
cam39,2026-09-10T01:32:06.503Z,2026-09-10 10:30:06,24.085,13.381,0.052,サーバー(直接取得)
cam40,2026-09-10T01:32:06.516Z,2026-09-10 10:30:07,18.639,12.911,0.217,サーバー(直接取得)
cam41,2026-09-10T01:32:06.747Z,2026-09-10 10:30:03,17.054,13.152,0.116,サーバー(直接取得)
cam42,2026-09-10T01:32:06.762Z,2026-09-10 10:20:17,17.014,12.128,0.390,サーバー(直接取得)
cam43,2026-09-10T01:32:06.787Z,2026-09-10 10:20:19,17.167,12.620,0.450,サーバー(直接取得)
cam44,2026-09-10T01:32:06.789Z,2026-09-10 10:30:03,17.062,12.040,0.170,サーバー(直接取得)
cam45,2026-09-10T01:32:07.002Z,2026-09-10 10:30:03,16.982,12.568,0.340,サーバー(直接取得)
cam46,2026-09-10T01:32:07.013Z,2026-09-10 10:20:20,18.333,12.418,0.800,サーバー(直接取得)
cam47,2026-09-10T01:32:07.045Z,2026-09-10 10:30:07,18.776,12.423,0.495,サーバー(直接取得)
cam48,2026-09-10T01:32:07.051Z,2026-09-10 10:30:03,24.182,13.746,-16.490,サーバー(直接取得)
cam50,2026-09-10T01:32:07.138Z,2026-09-10 10:31:00,23.651,13.504,0.180,サーバー(直接取得)
cam51,2026-09-10T01:32:07.258Z,2026-09-10 10:30:22,23.595,13.601,0.100,サーバー(直接取得)
cam52,2026-09-10T01:32:07.268Z,2026-09-10 10:30:25,19.572,13.003,0.370,サーバー(直接取得)
cam53,2026-09-10T01:32:07.298Z,2026-09-10 10:30:27,16.958,12.827,0.030,サーバー(直接取得)
cam54,2026-09-10T01:32:07.307Z,2026-09-10 10:30:21,19.001,12.137,0.070,サーバー(直接取得)
cam55,2026-09-10T01:32:07.399Z,2026-09-10 10:30:22,17.102,12.146,1.140,サーバー(直接取得)
kw01,2026-09-10T01:32:07.510Z,2026/09/10 10:20,,,0.630,サーバー(国交省 川の防災情報)
kw02,2026-09-10T01:32:07.531Z,2026/09/10 10:20,,,0.400,サーバー(国交省 川の防災情報)
kw03,2026-09-10T01:32:07.551Z,2026/09/10 10:20,,,1.030,サーバー(国交省 川の防災情報)
kw04,2026-09-10T01:32:07.570Z,2026/09/10 10:20,,,0.890,サーバー(国交省 川の防災情報)
kw05,2026-09-10T01:32:07.651Z,2026/09/10 10:25,,,-1.290,サーバー(国交省 川の防災情報)
kw06,2026-09-10T01:32:07.870Z,2026/09/10 09:00,,,-2.370,サーバー(国交省 川の防災情報)
kw07,2026-09-10T01:32:07.897Z,2026/09/10 09:00,,,-4.190,サーバー(国交省 川の防災情報)
kw08,2026-09-10T01:32:08.115Z,2026/09/10 10:20,,,0.740,サーバー(国交省 川の防災情報)
kw09,2026-09-10T01:32:08.122Z,2026/09/10 10:00,,,-4.040,サーバー(国交省 川の防災情報)
kw10,2026-09-10T01:32:08.214Z,2026/09/10 10:20,,,0.290,サーバー(国交省 川の防災情報)
kw11,2026-09-10T01:32:08.313Z,2026/09/10 10:20,,,0.660,サーバー(国交省 川の防災情報)
cam01,2026-09-10T06:34:44.509Z,2026-09-10 15:30:07,16.998,12.506,,サーバー(直接取得)
cam02,2026-09-10T06:34:44.567Z,2026-09-10 15:30:07,17.038,12.207,0.470,サーバー(直接取得)
cam03,2026-09-10T06:34:44.568Z,2026-09-10 15:20:13,17.070,12.700,-4.410,サーバー(直接取得)
cam04,2026-09-10T06:34:44.570Z,2026-09-10 15:30:07,17.102,12.708,1.060,サーバー(直接取得)
cam08,2026-09-10T06:34:44.571Z,2026-09-10 15:30:21,17.038,12.638,0.120,サーバー(直接取得)
cam09,2026-09-10T06:34:45.380Z,2026-09-10 15:30:24,17.513,12.511,0.310,サーバー(直接取得)
cam11,2026-09-10T06:34:45.392Z,2026-09-10 15:30:07,17.151,12.647,0.506,サーバー(直接取得)
cam12,2026-09-10T06:34:45.533Z,2026-09-10 15:30:07,17.102,12.251,-0.069,サーバー(直接取得)
cam13,2026-09-10T06:34:45.546Z,2026-09-10 15:30:07,17.030,12.862,0.050,サーバー(直接取得)
cam14,2026-09-10T06:34:45.549Z,2026-09-10 15:30:20,17.175,12.880,0.037,サーバー(直接取得)
cam36,2026-09-10T06:34:45.609Z,2026-09-10 15:30:07,17.014,12.752,0.023,サーバー(直接取得)
cam39,2026-09-10T06:34:45.644Z,2026-09-10 15:34:06,24.085,13.385,0.055,サーバー(直接取得)
cam40,2026-09-10T06:34:45.762Z,2026-09-10 15:30:07,17.014,12.845,0.212,サーバー(直接取得)
cam41,2026-09-10T06:34:45.772Z,2026-09-10 15:30:03,17.070,13.069,0.117,サーバー(直接取得)
cam42,2026-09-10T06:34:45.780Z,2026-09-10 15:30:20,16.998,12.137,0.390,サーバー(直接取得)
cam43,2026-09-10T06:34:45.839Z,2026-09-10 15:30:18,17.159,12.612,0.460,サーバー(直接取得)
cam44,2026-09-10T06:34:45.874Z,2026-09-10 15:30:03,16.974,12.339,0.170,サーバー(直接取得)
cam45,2026-09-10T06:34:45.984Z,2026-09-10 15:20:03,17.078,12.427,0.340,サーバー(直接取得)
cam46,2026-09-10T06:34:46.008Z,2026-09-10 15:20:17,17.448,12.445,0.670,サーバー(直接取得)
cam47,2026-09-10T06:34:46.013Z,2026-09-10 15:30:06,17.440,12.304,0.474,サーバー(直接取得)
cam48,2026-09-10T06:34:46.072Z,2026-09-10 15:30:03,24.174,13.755,-16.310,サーバー(直接取得)
cam50,2026-09-10T06:34:46.104Z,2026-09-10 15:34:00,23.635,13.500,0.180,サーバー(直接取得)
cam51,2026-09-10T06:34:46.213Z,2026-09-10 15:34:20,23.611,13.605,0.090,サーバー(直接取得)
cam52,2026-09-10T06:34:46.239Z,2026-09-10 15:30:25,17.971,12.853,0.350,サーバー(直接取得)
cam53,2026-09-10T06:34:46.242Z,2026-09-10 15:30:44,16.950,12.546,0.030,サーバー(直接取得)
cam54,2026-09-10T06:34:46.302Z,2026-09-10 15:30:20,17.818,12.757,0.070,サーバー(直接取得)
cam55,2026-09-10T06:34:46.333Z,2026-09-10 15:30:22,18.108,12.642,1.140,サーバー(直接取得)
kw01,2026-09-10T06:34:46.438Z,2026/09/10 15:20,,,0.600,サーバー(国交省 川の防災情報)
kw02,2026-09-10T06:34:46.465Z,2026/09/10 15:20,,,0.330,サーバー(国交省 川の防災情報)
kw03,2026-09-10T06:34:46.484Z,2026/09/10 15:20,,,1.040,サーバー(国交省 川の防災情報)
kw04,2026-09-10T06:34:46.530Z,2026/09/10 15:20,,,0.930,サーバー(国交省 川の防災情報)
kw05,2026-09-10T06:34:46.562Z,2026/09/10 11:45,,,-1.290,サーバー(国交省 川の防災情報)
kw06,2026-09-10T06:34:46.955Z,2026/09/10 09:00,,,-2.370,サーバー(国交省 川の防災情報)
kw07,2026-09-10T06:34:46.971Z,2026/09/10 09:00,,,-4.190,サーバー(国交省 川の防災情報)
kw08,2026-09-10T06:34:46.972Z,2026/09/10 15:20,,,0.680,サーバー(国交省 川の防災情報)
kw09,2026-09-10T06:34:46.992Z,2026/09/10 10:00,,,-4.040,サーバー(国交省 川の防災情報)
kw10,2026-09-10T06:34:47.004Z,2026/09/10 15:20,,,0.260,サーバー(国交省 川の防災情報)
kw11,2026-09-10T06:34:47.160Z,2026/09/10 15:20,,,0.490,サーバー(国交省 川の防災情報)
cam01,2026-09-10T11:44:37.634Z,2026-09-10 20:40:06,0.104,12.097,,サーバー(直接取得)
cam02,2026-09-10T11:44:37.693Z,2026-09-10 20:40:06,0.193,11.825,0.490,サーバー(直接取得)
cam03,2026-09-10T11:44:37.695Z,2026-09-10 20:40:13,0.538,12.480,-4.580,サーバー(直接取得)
cam04,2026-09-10T11:44:37.696Z,2026-09-10 20:40:07,0.305,12.313,1.070,サーバー(直接取得)
cam08,2026-09-10T11:44:37.697Z,2026-09-10 20:40:21,0.917,12.269,0.120,サーバー(直接取得)
cam09,2026-09-10T11:44:38.392Z,2026-09-10 20:40:12,1.793,12.062,0.310,サーバー(直接取得)
cam11,2026-09-10T11:44:38.396Z,2026-09-10 20:40:06,1.061,12.238,0.471,サーバー(直接取得)
cam12,2026-09-10T11:44:38.494Z,2026-09-10 20:40:06,0.249,11.965,-0.066,サーバー(直接取得)
cam13,2026-09-10T11:44:38.505Z,2026-09-10 20:40:06,0.305,12.546,0.051,サーバー(直接取得)
cam14,2026-09-10T11:44:38.620Z,2026-09-10 20:40:15,0.386,12.563,0.037,サーバー(直接取得)
cam36,2026-09-10T11:44:38.638Z,2026-09-10 20:40:07,0.305,12.357,0.029,サーバー(直接取得)
cam39,2026-09-10T11:44:38.661Z,2026-09-10 20:44:05,24.085,13.381,0.059,サーバー(直接取得)
cam40,2026-09-10T11:44:38.720Z,2026-09-10 20:40:06,0.378,12.427,0.212,サーバー(直接取得)
cam41,2026-09-10T11:44:38.733Z,2026-09-10 20:40:03,1.126,12.625,0.121,サーバー(直接取得)
cam42,2026-09-10T11:44:38.851Z,2026-09-10 20:40:12,0.313,11.838,0.390,サーバー(直接取得)
cam43,2026-09-10T11:44:38.877Z,2026-09-10 20:40:14,0.345,12.190,0.460,サーバー(直接取得)
cam44,2026-09-10T11:44:38.947Z,2026-09-10 20:40:03,0.981,12.207,0.180,サーバー(直接取得)
cam45,2026-09-10T11:44:38.962Z,2026-09-10 20:40:03,0.603,12.150,0.350,サーバー(直接取得)
cam46,2026-09-10T11:44:39.091Z,2026-09-10 20:40:09,0.474,12.009,0.630,サーバー(直接取得)
cam47,2026-09-10T11:44:39.120Z,2026-09-10 20:40:06,1.729,11.930,0.441,サーバー(直接取得)
cam48,2026-09-10T11:44:39.182Z,2026-09-10 20:40:03,24.174,13.750,-16.450,サーバー(直接取得)
cam50,2026-09-10T11:44:39.194Z,2026-09-10 20:44:00,23.611,13.504,0.180,サーバー(直接取得)
cam51,2026-09-10T11:44:39.313Z,2026-09-10 20:44:16,23.442,13.618,0.090,サーバー(直接取得)
cam52,2026-09-10T11:44:39.322Z,2026-09-10 20:40:11,0.402,12.317,0.340,サーバー(直接取得)
cam53,2026-09-10T11:44:39.342Z,2026-09-10 20:40:04,0.418,12.234,0.040,サーバー(直接取得)
cam54,2026-09-10T11:44:39.410Z,2026-09-10 20:40:20,0.426,12.489,0.080,サーバー(直接取得)
cam55,2026-09-10T11:44:39.418Z,2026-09-10 20:40:21,0.788,12.326,0.700,サーバー(直接取得)
kw01,2026-09-10T11:44:39.558Z,2026/09/10 20:30,,,0.570,サーバー(国交省 川の防災情報)
kw02,2026-09-10T11:44:39.565Z,2026/09/10 20:30,,,0.300,サーバー(国交省 川の防災情報)
kw03,2026-09-10T11:44:39.568Z,2026/09/10 20:30,,,1.030,サーバー(国交省 川の防災情報)
kw04,2026-09-10T11:44:39.634Z,2026/09/10 20:30,,,0.810,サーバー(国交省 川の防災情報)
kw05,2026-09-10T11:44:39.687Z,2026/09/10 11:45,,,-1.290,サーバー(国交省 川の防災情報)
kw06,2026-09-10T11:44:40.323Z,2026/09/10 09:00,,,-2.370,サーバー(国交省 川の防災情報)
kw07,2026-09-10T11:44:40.351Z,2026/09/10 09:00,,,-4.190,サーバー(国交省 川の防災情報)
kw08,2026-09-10T11:44:40.357Z,2026/09/10 20:30,,,0.630,サーバー(国交省 川の防災情報)
kw09,2026-09-10T11:44:40.358Z,2026/09/10 10:00,,,-4.040,サーバー(国交省 川の防災情報)
kw10,2026-09-10T11:44:40.408Z,2026/09/10 20:30,,,0.240,サーバー(国交省 川の防災情報)
kw11,2026-09-10T11:44:40.507Z,2026/09/10 20:30,,,0.400,サーバー(国交省 川の防災情報)
cam01,2026-09-10T15:11:13.591Z,2026-09-11 00:10:06,0.096,12.036,,サーバー(直接取得)
cam02,2026-09-10T15:11:13.647Z,2026-09-11 00:10:07,0.168,11.741,0.490,サーバー(直接取得)
cam03,2026-09-10T15:11:13.649Z,2026-09-11 00:10:11,0.530,12.427,-3.650,サーバー(直接取得)
cam04,2026-09-10T15:11:13.650Z,2026-09-11 00:10:07,0.281,12.190,1.050,サーバー(直接取得)
cam08,2026-09-10T15:11:13.652Z,2026-09-11 00:10:21,0.643,12.181,0.150,サーバー(直接取得)
cam09,2026-09-10T15:11:14.256Z,2026-09-11 00:10:18,1.866,12.031,0.310,サーバー(直接取得)
cam11,2026-09-10T15:11:14.259Z,2026-09-11 00:10:06,1.061,12.110,0.532,サーバー(直接取得)
cam12,2026-09-10T15:11:14.361Z,2026-09-11 00:10:06,0.233,11.926,-0.055,サーバー(直接取得)
cam13,2026-09-10T15:11:14.375Z,2026-09-11 00:10:06,0.257,12.423,0.058,サーバー(直接取得)
cam14,2026-09-10T15:11:14.478Z,2026-09-11 00:10:18,0.289,12.480,0.047,サーバー(直接取得)
cam36,2026-09-10T15:11:14.500Z,2026-09-11 00:10:07,0.281,12.251,0.032,サーバー(直接取得)
cam39,2026-09-10T15:11:14.528Z,2026-09-11 00:10:05,24.093,13.412,0.061,サーバー(直接取得)
cam40,2026-09-10T15:11:14.582Z,2026-09-11 00:10:06,0.321,12.313,0.245,サーバー(直接取得)
cam41,2026-09-10T15:11:14.601Z,2026-09-11 00:10:03,1.126,12.550,0.121,サーバー(直接取得)
cam42,2026-09-10T15:11:14.703Z,2026-09-11 00:00:16,0.281,11.763,0.400,サーバー(直接取得)
cam43,2026-09-10T15:11:14.721Z,2026-09-11 00:00:14,0.313,12.146,0.470,サーバー(直接取得)
cam44,2026-09-10T15:11:14.741Z,2026-09-11 00:10:03,0.981,12.172,0.180,サーバー(直接取得)
cam45,2026-09-10T15:11:14.797Z,2026-09-11 00:10:03,0.563,12.058,0.350,サーバー(直接取得)
cam46,2026-09-10T15:11:14.820Z,2026-09-11 00:00:13,0.442,11.965,0.810,サーバー(直接取得)
cam47,2026-09-10T15:11:14.930Z,2026-09-11 00:10:06,1.745,11.838,0.427,サーバー(直接取得)
cam48,2026-09-10T15:11:14.949Z,2026-09-11 00:10:03,24.182,13.741,-16.310,サーバー(直接取得)
cam50,2026-09-10T15:11:14.954Z,2026-09-11 00:07:00,23.611,13.504,0.200,サーバー(直接取得)
cam51,2026-09-10T15:11:15.018Z,2026-09-11 00:10:15,23.426,13.623,0.110,サーバー(直接取得)
cam52,2026-09-10T15:11:15.038Z,2026-09-11 00:10:14,0.394,12.242,0.340,サーバー(直接取得)
cam53,2026-09-10T15:11:15.150Z,2026-09-11 00:10:13,0.402,12.150,0.040,サーバー(直接取得)
cam54,2026-09-10T15:11:15.173Z,2026-09-11 00:10:21,0.410,12.462,0.080,サーバー(直接取得)
cam55,2026-09-10T15:11:15.179Z,2026-09-11 00:10:20,0.740,12.273,0.740,サーバー(直接取得)
kw05,2026-09-10T15:11:15.405Z,2026/09/11 00:10,,,-0.650,サーバー(国交省 川の防災情報)
kw07,2026-09-10T15:11:15.934Z,2026/09/10 09:00,,,-4.190,サーバー(国交省 川の防災情報)
cam01,2026-09-10T18:24:44.903Z,2026-09-11 03:20:06,0.096,12.001,,サーバー(直接取得)
cam02,2026-09-10T18:24:44.961Z,2026-09-11 03:20:07,0.168,11.688,0.490,サーバー(直接取得)
cam03,2026-09-10T18:24:44.963Z,2026-09-11 03:20:11,0.538,12.387,-4.120,サーバー(直接取得)
cam04,2026-09-10T18:24:44.964Z,2026-09-11 03:20:07,0.273,12.150,1.070,サーバー(直接取得)
cam08,2026-09-10T18:24:44.964Z,2026-09-11 03:20:21,0.643,12.119,0.120,サーバー(直接取得)
cam09,2026-09-10T18:24:45.822Z,2026-09-11 03:20:19,1.810,11.987,0.320,サーバー(直接取得)
cam11,2026-09-10T18:24:45.830Z,2026-09-11 03:20:06,1.061,12.067,0.536,サーバー(直接取得)
cam12,2026-09-10T18:24:45.982Z,2026-09-11 03:20:06,0.233,11.882,-0.055,サーバー(直接取得)
cam13,2026-09-10T18:24:45.988Z,2026-09-11 03:20:06,0.273,12.383,0.059,サーバー(直接取得)
cam14,2026-09-10T18:24:46.093Z,2026-09-11 03:20:23,0.289,12.427,0.047,サーバー(直接取得)
cam36,2026-09-10T18:24:46.112Z,2026-09-11 03:20:07,0.281,12.220,0.032,サーバー(直接取得)
cam39,2026-09-10T18:24:46.141Z,2026-09-11 03:24:05,24.093,13.407,0.059,サーバー(直接取得)
cam40,2026-09-10T18:24:46.255Z,2026-09-11 03:20:06,0.321,12.269,0.294,サーバー(直接取得)
cam41,2026-09-10T18:24:46.264Z,2026-09-11 03:20:03,1.126,12.493,0.129,サーバー(直接取得)
cam42,2026-09-10T18:24:46.392Z,2026-09-11 03:20:11,0.289,11.715,0.410,サーバー(直接取得)
cam43,2026-09-10T18:24:46.393Z,2026-09-11 03:20:14,0.321,12.102,0.460,サーバー(直接取得)
cam44,2026-09-10T18:24:46.419Z,2026-09-11 03:20:03,0.981,12.150,0.180,サーバー(直接取得)
cam45,2026-09-10T18:24:46.550Z,2026-09-11 03:20:03,0.579,12.009,0.350,サーバー(直接取得)
cam46,2026-09-10T18:24:46.561Z,2026-09-11 03:20:12,0.450,11.899,0.740,サーバー(直接取得)
cam47,2026-09-10T18:24:46.663Z,2026-09-11 03:20:06,1.689,11.798,0.444,サーバー(直接取得)
cam48,2026-09-10T18:24:46.683Z,2026-09-11 03:20:03,24.190,13.759,-16.330,サーバー(直接取得)
cam50,2026-09-10T18:24:46.686Z,2026-09-11 03:23:00,23.611,13.504,0.230,サーバー(直接取得)
cam51,2026-09-10T18:24:46.822Z,2026-09-11 03:24:14,23.434,13.623,0.160,サーバー(直接取得)
cam52,2026-09-10T18:24:46.837Z,2026-09-11 03:20:11,0.386,12.220,0.340,サーバー(直接取得)
cam53,2026-09-10T18:24:46.933Z,2026-09-11 03:20:09,0.394,12.124,0.040,サーバー(直接取得)
cam54,2026-09-10T18:24:46.950Z,2026-09-11 03:20:20,0.410,12.418,0.090,サーバー(直接取得)
cam55,2026-09-10T18:24:46.956Z,2026-09-11 03:20:21,0.756,12.256,0.720,サーバー(直接取得)
kw01,2026-09-10T18:24:47.107Z,2026/09/11 03:10,,,0.620,サーバー(国交省 川の防災情報)
kw02,2026-09-10T18:24:47.111Z,2026/09/11 03:10,,,0.370,サーバー(国交省 川の防災情報)
kw03,2026-09-10T18:24:47.199Z,2026/09/11 03:10,,,1.090,サーバー(国交省 川の防災情報)
kw04,2026-09-10T18:24:47.215Z,2026/09/11 03:10,,,0.910,サーバー(国交省 川の防災情報)
kw05,2026-09-10T18:24:47.229Z,2026/09/11 00:35,,,-1.280,サーバー(国交省 川の防災情報)
kw06,2026-09-10T18:24:47.576Z,2026/09/10 09:00,,,-2.370,サーバー(国交省 川の防災情報)
kw07,2026-09-10T18:24:47.599Z,2026/09/10 09:00,,,-4.190,サーバー(国交省 川の防災情報)
kw08,2026-09-10T18:24:47.811Z,2026/09/11 03:10,,,0.700,サーバー(国交省 川の防災情報)
kw09,2026-09-10T18:24:47.851Z,2026/09/10 10:00,,,-4.040,サーバー(国交省 川の防災情報)
kw10,2026-09-10T18:24:47.974Z,2026/09/11 03:10,,,0.280,サーバー(国交省 川の防災情報)
kw11,2026-09-10T18:24:47.991Z,2026/09/11 03:10,,,0.410,サーバー(国交省 川の防災情報)
cam01,2026-09-10T21:00:12.024Z,2026-09-11 05:50:06,4.311,12.067,,サーバー(直接取得)
cam02,2026-09-10T21:00:12.070Z,2026-09-11 05:50:07,2.759,11.732,0.530,サーバー(直接取得)
cam03,2026-09-10T21:00:12.071Z,2026-09-11 05:50:18,2.220,12.348,-4.140,サーバー(直接取得)
cam04,2026-09-10T21:00:12.072Z,2026-09-11 05:50:06,2.743,12.212,1.050,サーバー(直接取得)
cam08,2026-09-10T21:00:12.073Z,2026-09-11 05:50:21,3.081,12.203,0.150,サーバー(直接取得)
cam09,2026-09-10T21:00:12.833Z,2026-09-11 05:50:11,3.829,12.062,0.320,サーバー(直接取得)
cam11,2026-09-10T21:00:12.834Z,2026-09-11 05:50:06,5.542,12.146,0.762,サーバー(直接取得)
cam12,2026-09-10T21:00:13.140Z,2026-09-11 05:50:07,2.437,11.882,-0.042,サーバー(直接取得)
cam13,2026-09-10T21:00:13.169Z,2026-09-11 05:50:07,3.225,12.365,0.163,サーバー(直接取得)
cam14,2026-09-10T21:00:13.257Z,2026-09-11 05:50:16,2.614,12.484,0.097,サーバー(直接取得)
cam36,2026-09-10T21:00:13.262Z,2026-09-11 05:50:06,3.209,12.286,0.060,サーバー(直接取得)
cam39,2026-09-10T21:00:13.416Z,2026-09-11 05:58:05,24.085,13.390,0.070,サーバー(直接取得)
cam40,2026-09-10T21:00:13.417Z,2026-09-11 05:50:06,4.054,12.330,0.661,サーバー(直接取得)
cam41,2026-09-10T21:00:13.454Z,2026-09-11 05:50:03,2.196,12.471,0.202,サーバー(直接取得)
cam42,2026-09-10T21:00:13.509Z,2026-09-11 05:50:13,5.566,11.688,0.520,サーバー(直接取得)
cam43,2026-09-10T21:00:13.518Z,2026-09-11 05:50:17,5.044,12.159,0.470,サーバー(直接取得)
cam44,2026-09-10T21:00:13.667Z,2026-09-11 05:50:03,2.131,12.132,0.190,サーバー(直接取得)
cam45,2026-09-10T21:00:13.680Z,2026-09-11 05:50:03,2.147,11.996,0.400,サーバー(直接取得)
cam46,2026-09-10T21:00:13.703Z,2026-09-11 05:50:16,4.094,11.957,0.770,サーバー(直接取得)
cam47,2026-09-10T21:00:13.758Z,2026-09-11 05:50:06,4.633,11.856,0.473,サーバー(直接取得)
cam48,2026-09-10T21:00:13.771Z,2026-09-11 05:50:03,24.174,13.768,-16.140,サーバー(直接取得)
cam50,2026-09-10T21:00:13.920Z,2026-09-11 05:59:00,23.619,13.504,0.430,サーバー(直接取得)
cam51,2026-09-10T21:00:13.936Z,2026-09-11 05:58:13,23.442,13.623,0.570,サーバー(直接取得)
cam52,2026-09-10T21:00:13.960Z,2026-09-11 05:50:24,12.115,12.291,0.390,サーバー(直接取得)
cam53,2026-09-10T21:00:14.011Z,2026-09-11 05:50:28,3.515,12.102,0.110,サーバー(直接取得)
cam54,2026-09-10T21:00:14.023Z,2026-09-11 05:50:21,3.201,12.392,0.110,サーバー(直接取得)
cam55,2026-09-10T21:00:14.168Z,2026-09-11 05:50:21,9.106,12.190,0.720,サーバー(直接取得)
cam01,2026-09-10T22:58:39.505Z,2026-09-11 07:50:07,17.014,12.093,,サーバー(直接取得)
cam02,2026-09-10T22:58:39.562Z,2026-09-11 07:50:07,17.086,11.768,1.140,サーバー(直接取得)
cam03,2026-09-10T22:58:39.564Z,2026-09-11 07:50:17,17.086,12.365,-4.210,サーバー(直接取得)
cam04,2026-09-10T22:58:39.565Z,2026-09-11 07:50:07,17.167,12.247,1.220,サーバー(直接取得)
cam08,2026-09-10T22:58:39.566Z,2026-09-11 07:50:20,17.086,12.251,0.290,サーバー(直接取得)
cam09,2026-09-10T22:58:40.293Z,2026-09-11 07:50:17,17.191,12.102,0.370,サーバー(直接取得)
cam11,2026-09-10T22:58:40.295Z,2026-09-11 07:50:06,17.239,12.198,1.218,サーバー(直接取得)
cam12,2026-09-10T22:58:40.421Z,2026-09-11 07:50:07,17.135,11.908,0.213,サーバー(直接取得)
cam13,2026-09-10T22:58:40.431Z,2026-09-11 07:50:06,17.143,12.418,0.184,サーバー(直接取得)
cam14,2026-09-10T22:58:40.520Z,2026-09-11 07:50:19,17.030,12.502,0.167,サーバー(直接取得)
cam36,2026-09-10T22:58:40.525Z,2026-09-11 07:50:07,17.062,12.317,0.167,サーバー(直接取得)
cam39,2026-09-10T22:58:40.542Z,2026-09-11 07:58:06,24.085,13.390,0.085,サーバー(直接取得)
cam40,2026-09-10T22:58:40.648Z,2026-09-11 07:50:07,17.038,12.379,0.816,サーバー(直接取得)
cam41,2026-09-10T22:58:40.659Z,2026-09-11 07:50:03,17.062,12.532,0.211,サーバー(直接取得)
cam42,2026-09-10T22:58:40.739Z,2026-09-11 07:50:14,17.086,11.715,0.530,サーバー(直接取得)
cam43,2026-09-10T22:58:40.752Z,2026-09-11 07:50:19,17.191,12.181,0.490,サーバー(直接取得)
cam44,2026-09-10T22:58:40.755Z,2026-09-11 07:50:03,12.155,12.128,0.190,サーバー(直接取得)
cam45,2026-09-10T22:58:40.864Z,2026-09-11 07:50:03,16.998,12.005,0.430,サーバー(直接取得)
cam46,2026-09-10T22:58:40.875Z,2026-09-11 07:50:16,17.022,11.996,1.400,サーバー(直接取得)
cam47,2026-09-10T22:58:40.959Z,2026-09-11 07:50:07,17.022,11.891,0.491,サーバー(直接取得)
cam48,2026-09-10T22:58:40.977Z,2026-09-11 07:50:03,24.174,13.746,-16.300,サーバー(直接取得)
cam50,2026-09-10T22:58:40.979Z,2026-09-11 07:55:00,23.651,13.504,0.540,サーバー(直接取得)
cam51,2026-09-10T22:58:41.080Z,2026-09-11 07:58:21,23.587,13.601,0.500,サーバー(直接取得)
cam52,2026-09-10T22:58:41.094Z,2026-09-11 07:50:16,17.070,12.352,0.600,サーバー(直接取得)
cam53,2026-09-10T22:58:41.183Z,2026-09-11 07:50:04,16.998,12.163,0.120,サーバー(直接取得)
cam54,2026-09-10T22:58:41.194Z,2026-09-11 07:50:21,17.127,12.427,0.100,サーバー(直接取得)
cam55,2026-09-10T22:58:41.200Z,2026-09-11 07:50:21,17.207,12.242,1.450,サーバー(直接取得)
kw01,2026-09-10T22:58:41.300Z,2026/09/11 07:50,,,1.600,サーバー(国交省 川の防災情報)
kw02,2026-09-10T22:58:41.309Z,2026/09/11 07:50,,,1.840,サーバー(国交省 川の防災情報)
kw03,2026-09-10T22:58:41.398Z,2026/09/11 07:50,,,1.520,サーバー(国交省 川の防災情報)
kw04,2026-09-10T22:58:41.416Z,2026/09/11 07:50,,,1.460,サーバー(国交省 川の防災情報)
kw05,2026-09-10T22:58:41.463Z,2026/09/11 00:35,,,-1.280,サーバー(国交省 川の防災情報)
kw06,2026-09-10T22:58:41.636Z,2026/09/10 09:00,,,-2.370,サーバー(国交省 川の防災情報)
kw07,2026-09-10T22:58:41.669Z,2026/09/10 09:00,,,-4.190,サーバー(国交省 川の防災情報)
kw08,2026-09-10T22:58:41.670Z,2026/09/11 07:50,,,2.520,サーバー(国交省 川の防災情報)
kw09,2026-09-10T22:58:41.670Z,2026/09/10 10:00,,,-4.040,サーバー(国交省 川の防災情報)
kw10,2026-09-10T22:58:41.712Z,2026/09/11 07:50,,,1.380,サーバー(国交省 川の防災情報)
kw11,2026-09-10T22:58:41.842Z,2026/09/11 07:50,,,1.150,サーバー(国交省 川の防災情報)
cam01,2026-09-11T00:49:46.143Z,2026-09-11 09:40:06,17.006,12.225,,サーバー(直接取得)
cam02,2026-09-11T00:49:46.202Z,2026-09-11 09:40:07,18.679,11.992,1.570,サーバー(直接取得)
cam03,2026-09-11T00:49:46.204Z,2026-09-11 09:40:15,17.086,12.506,-4.580,サーバー(直接取得)
cam04,2026-09-11T00:49:46.205Z,2026-09-11 09:40:07,17.143,12.726,1.340,サーバー(直接取得)
cam08,2026-09-11T00:49:46.206Z,2026-09-11 09:40:21,17.054,12.691,0.220,サーバー(直接取得)
cam09,2026-09-11T00:49:47.031Z,2026-09-11 09:40:19,18.454,12.357,0.320,サーバー(直接取得)
cam11,2026-09-11T00:49:47.036Z,2026-09-11 09:40:07,17.159,12.493,1.026,サーバー(直接取得)
cam12,2026-09-11T00:49:47.300Z,2026-09-11 09:40:07,18.116,12.089,-0.047,サーバー(直接取得)
cam13,2026-09-11T00:49:47.311Z,2026-09-11 09:40:06,17.038,12.849,0.129,サーバー(直接取得)
cam14,2026-09-11T00:49:47.327Z,2026-09-11 09:40:24,16.966,12.686,0.127,サーバー(直接取得)
cam36,2026-09-11T00:49:47.333Z,2026-09-11 09:40:06,17.030,12.625,0.059,サーバー(直接取得)
cam39,2026-09-11T00:49:47.560Z,2026-09-11 09:48:06,24.093,13.385,0.064,サーバー(直接取得)
cam40,2026-09-11T00:49:47.570Z,2026-09-11 09:40:07,17.030,12.691,0.589,サーバー(直接取得)
cam41,2026-09-11T00:49:47.583Z,2026-09-11 09:40:03,17.102,12.906,0.177,サーバー(直接取得)
cam42,2026-09-11T00:49:47.600Z,2026-09-11 09:40:16,17.014,11.869,0.490,サーバー(直接取得)
cam43,2026-09-11T00:49:47.611Z,2026-09-11 09:40:17,17.159,12.321,0.490,サーバー(直接取得)
cam44,2026-09-11T00:49:47.829Z,2026-09-11 09:40:03,16.974,12.176,0.190,サーバー(直接取得)
cam45,2026-09-11T00:49:47.836Z,2026-09-11 09:40:03,17.119,12.335,0.410,サーバー(直接取得)
cam46,2026-09-11T00:49:47.855Z,2026-09-11 09:40:18,17.883,12.146,0.660,サーバー(直接取得)
cam47,2026-09-11T00:49:47.864Z,2026-09-11 09:40:07,16.982,12.163,0.474,サーバー(直接取得)
cam48,2026-09-11T00:49:47.887Z,2026-09-11 09:40:03,24.182,13.755,-16.320,サーバー(直接取得)
cam50,2026-09-11T00:49:48.092Z,2026-09-11 09:47:00,23.619,13.504,0.320,サーバー(直接取得)
cam51,2026-09-11T00:49:48.101Z,2026-09-11 09:48:24,23.587,13.605,0.420,サーバー(直接取得)
cam52,2026-09-11T00:49:48.116Z,2026-09-11 09:40:21,17.625,12.559,0.640,サーバー(直接取得)
cam53,2026-09-11T00:49:48.124Z,2026-09-11 09:40:08,16.974,12.409,2.330,サーバー(直接取得)
cam54,2026-09-11T00:49:48.153Z,2026-09-11 09:40:20,18.486,12.722,0.080,サーバー(直接取得)
cam55,2026-09-11T00:49:48.352Z,2026-09-11 09:40:21,18.092,12.480,1.250,サーバー(直接取得)
kw01,2026-09-11T00:49:48.362Z,2026/09/11 09:40,,,1.400,サーバー(国交省 川の防災情報)
kw02,2026-09-11T00:49:48.377Z,2026/09/11 09:40,,,1.570,サーバー(国交省 川の防災情報)
kw03,2026-09-11T00:49:48.379Z,2026/09/11 09:40,,,1.320,サーバー(国交省 川の防災情報)
kw04,2026-09-11T00:49:48.450Z,2026/09/11 09:40,,,1.360,サーバー(国交省 川の防災情報)
kw05,2026-09-11T00:49:48.618Z,2026/09/11 09:00,,,-1.160,サーバー(国交省 川の防災情報)
kw06,2026-09-11T00:49:49.117Z,2026/09/11 09:00,,,-2.070,サーバー(国交省 川の防災情報)
kw07,2026-09-11T00:49:49.173Z,2026/09/11 09:00,,,-3.860,サーバー(国交省 川の防災情報)
kw08,2026-09-11T00:49:49.198Z,2026/09/11 09:40,,,2.280,サーバー(国交省 川の防災情報)
kw09,2026-09-11T00:49:49.200Z,2026/09/10 10:00,,,-4.040,サーバー(国交省 川の防災情報)
kw10,2026-09-11T00:49:49.209Z,2026/09/11 09:40,,,1.090,サーバー(国交省 川の防災情報)
kw11,2026-09-11T00:49:49.343Z,2026/09/11 09:40,,,1.600,サーバー(国交省 川の防災情報)
cam01,2026-09-11T05:19:56.620Z,2026-09-11 14:10:06,17.199,12.194,,サーバー(直接取得)
cam02,2026-09-11T05:19:56.654Z,2026-09-11 14:10:07,17.038,11.996,1.120,サーバー(直接取得)
cam03,2026-09-11T05:19:56.655Z,2026-09-11 14:10:17,17.078,12.449,-4.490,サーバー(直接取得)
cam04,2026-09-11T05:19:56.656Z,2026-09-11 14:10:07,17.111,12.651,1.050,サーバー(直接取得)
cam08,2026-09-11T05:19:56.656Z,2026-09-11 13:40:21,17.054,12.616,0.200,サーバー(直接取得)
cam09,2026-09-11T05:19:57.610Z,2026-09-11 14:13:00,17.601,12.256,0.320,サーバー(直接取得)
cam11,2026-09-11T05:19:57.625Z,2026-09-11 14:10:07,17.151,12.387,0.743,サーバー(直接取得)
cam12,2026-09-11T05:19:57.722Z,2026-09-11 14:10:07,17.111,12.075,-0.066,サーバー(直接取得)
cam13,2026-09-11T05:19:57.729Z,2026-09-11 14:10:07,17.030,12.862,0.078,サーバー(直接取得)
cam14,2026-09-11T05:19:57.740Z,2026-09-11 14:10:23,16.950,12.686,0.087,サーバー(直接取得)
cam36,2026-09-11T05:19:57.834Z,2026-09-11 14:10:07,17.014,12.682,0.034,サーバー(直接取得)
cam39,2026-09-11T05:19:57.839Z,2026-09-11 14:18:06,24.093,13.381,0.058,サーバー(直接取得)
cam40,2026-09-11T05:19:57.940Z,2026-09-11 14:10:07,17.014,12.713,0.339,サーバー(直接取得)
cam41,2026-09-11T05:19:57.955Z,2026-09-11 14:10:03,17.062,12.823,0.139,サーバー(直接取得)
cam42,2026-09-11T05:19:57.957Z,2026-09-11 14:10:16,17.006,11.772,0.410,サーバー(直接取得)
cam43,2026-09-11T05:19:58.058Z,2026-09-11 14:10:21,17.255,12.207,0.480,サーバー(直接取得)
cam44,2026-09-11T05:19:58.067Z,2026-09-11 14:10:03,16.934,12.146,0.170,サーバー(直接取得)
cam45,2026-09-11T05:19:58.159Z,2026-09-11 14:10:03,17.078,12.168,0.370,サーバー(直接取得)
cam46,2026-09-11T05:19:58.171Z,2026-09-11 14:10:19,17.159,12.014,0.610,サーバー(直接取得)
cam47,2026-09-11T05:19:58.187Z,2026-09-11 14:10:07,16.966,12.080,0.455,サーバー(直接取得)
cam48,2026-09-11T05:19:58.272Z,2026-09-11 14:10:03,24.190,13.759,-16.130,サーバー(直接取得)
cam50,2026-09-11T05:19:58.298Z,2026-09-11 14:19:00,23.619,13.504,0.240,サーバー(直接取得)
cam51,2026-09-11T05:19:58.374Z,2026-09-11 14:18:21,23.603,13.605,0.200,サーバー(直接取得)
cam52,2026-09-11T05:19:58.395Z,2026-09-11 14:10:24,17.094,12.458,0.530,サーバー(直接取得)
cam53,2026-09-11T05:19:58.408Z,2026-09-11 14:10:16,16.966,12.445,0.030,サーバー(直接取得)
cam54,2026-09-11T05:19:58.491Z,2026-09-11 14:10:21,18.044,12.678,0.060,サーバー(直接取得)
cam55,2026-09-11T05:19:58.511Z,2026-09-11 14:10:21,17.754,12.348,1.100,サーバー(直接取得)
kw01,2026-09-11T05:19:58.593Z,2026/09/11 14:10,,,0.970,サーバー(国交省 川の防災情報)
kw02,2026-09-11T05:19:58.615Z,2026/09/11 14:10,,,0.910,サーバー(国交省 川の防災情報)
kw03,2026-09-11T05:19:58.629Z,2026/09/11 14:10,,,1.120,サーバー(国交省 川の防災情報)
kw04,2026-09-11T05:19:58.710Z,2026/09/11 14:10,,,1.130,サーバー(国交省 川の防災情報)
kw05,2026-09-11T05:19:58.745Z,2026/09/11 14:15,,,-1.270,サーバー(国交省 川の防災情報)
kw06,2026-09-11T05:19:59.069Z,2026/09/11 09:00,,,-2.070,サーバー(国交省 川の防災情報)
kw07,2026-09-11T05:19:59.082Z,2026/09/11 09:00,,,-3.860,サーバー(国交省 川の防災情報)
kw08,2026-09-11T05:19:59.095Z,2026/09/11 14:10,,,1.360,サーバー(国交省 川の防災情報)
kw09,2026-09-11T05:19:59.175Z,2026/09/11 10:00,,,-4.040,サーバー(国交省 川の防災情報)
kw10,2026-09-11T05:19:59.279Z,2026/09/11 14:10,,,0.560,サーバー(国交省 川の防災情報)
kw11,2026-09-11T05:19:59.309Z,2026/09/11 14:10,,,1.270,サーバー(国交省 川の防災情報)
cam01,2026-09-11T09:49:38.037Z,2026-09-11 18:40:06,0.112,11.939,,サーバー(直接取得)
cam02,2026-09-11T09:49:38.084Z,2026-09-11 18:40:07,0.225,11.623,0.750,サーバー(直接取得)
cam03,2026-09-11T09:49:38.086Z,2026-09-11 18:40:13,0.538,12.273,-4.580,サーバー(直接取得)
cam04,2026-09-11T09:49:38.087Z,2026-09-11 18:40:06,0.370,12.137,1.050,サーバー(直接取得)
cam08,2026-09-11T09:49:38.087Z,2026-09-11 18:40:21,0.901,12.229,0.140,サーバー(直接取得)
cam09,2026-09-11T09:49:38.930Z,2026-09-11 18:40:15,1.962,11.917,0.330,サーバー(直接取得)
cam11,2026-09-11T09:49:38.931Z,2026-09-11 18:40:06,1.061,12.027,0.606,サーバー(直接取得)
cam12,2026-09-11T09:49:39.071Z,2026-09-11 18:40:06,0.281,11.829,-0.061,サーバー(直接取得)
cam13,2026-09-11T09:49:39.087Z,2026-09-11 18:40:06,0.329,12.357,0.068,サーバー(直接取得)
cam14,2026-09-11T09:49:39.196Z,2026-09-11 18:40:13,0.402,12.326,0.067,サーバー(直接取得)
cam36,2026-09-11T09:49:39.211Z,2026-09-11 18:40:06,0.313,12.185,0.035,サーバー(直接取得)
cam39,2026-09-11T09:49:39.269Z,2026-09-11 18:48:06,24.093,13.381,0.059,サーバー(直接取得)
cam40,2026-09-11T09:49:39.333Z,2026-09-11 18:40:06,0.402,12.247,0.254,サーバー(直接取得)
cam41,2026-09-11T09:49:39.354Z,2026-09-11 18:40:03,1.126,12.462,0.138,サーバー(直接取得)
cam42,2026-09-11T09:49:39.476Z,2026-09-11 18:40:13,0.386,11.623,0.400,サーバー(直接取得)
cam43,2026-09-11T09:49:39.484Z,2026-09-11 18:40:13,0.386,12.005,0.480,サーバー(直接取得)
cam44,2026-09-11T09:49:39.538Z,2026-09-11 18:40:03,0.981,12.080,0.100,サーバー(直接取得)
cam45,2026-09-11T09:49:39.603Z,2026-09-11 18:40:03,0.715,11.948,0.360,サーバー(直接取得)
cam46,2026-09-11T09:49:39.620Z,2026-09-11 18:40:10,0.506,11.772,0.650,サーバー(直接取得)
cam47,2026-09-11T09:49:39.764Z,2026-09-11 18:40:06,1.761,11.737,0.449,サーバー(直接取得)
cam48,2026-09-11T09:49:39.772Z,2026-09-11 18:40:03,24.174,13.746,-16.100,サーバー(直接取得)
cam50,2026-09-11T09:49:39.808Z,2026-09-11 18:49:00,23.619,13.504,0.210,サーバー(直接取得)
cam51,2026-09-11T09:49:39.887Z,2026-09-11 18:48:15,23.442,13.623,0.150,サーバー(直接取得)
cam52,2026-09-11T09:49:39.888Z,2026-09-11 18:40:15,0.458,12.159,0.490,サーバー(直接取得)
cam53,2026-09-11T09:49:40.034Z,2026-09-11 18:40:15,0.506,12.058,0.030,サーバー(直接取得)
cam54,2026-09-11T09:49:40.040Z,2026-09-11 18:40:21,0.514,12.348,0.060,サーバー(直接取得)
cam55,2026-09-11T09:49:40.067Z,2026-09-11 18:40:21,0.836,12.176,1.100,サーバー(直接取得)
kw01,2026-09-11T09:49:40.153Z,2026/09/11 18:40,,,0.820,サーバー(国交省 川の防災情報)
kw02,2026-09-11T09:49:40.171Z,2026/09/11 18:40,,,0.660,サーバー(国交省 川の防災情報)
kw03,2026-09-11T09:49:40.300Z,2026/09/11 18:40,,,1.060,サーバー(国交省 川の防災情報)
kw04,2026-09-11T09:49:40.317Z,2026/09/11 18:40,,,1.040,サーバー(国交省 川の防災情報)
kw05,2026-09-11T09:49:40.333Z,2026/09/11 17:45,,,-1.290,サーバー(国交省 川の防災情報)
kw06,2026-09-11T09:49:40.624Z,2026/09/11 09:00,,,-2.070,サーバー(国交省 川の防災情報)
kw07,2026-09-11T09:49:40.644Z,2026/09/11 09:00,,,-3.860,サーバー(国交省 川の防災情報)
kw08,2026-09-11T09:49:40.675Z,2026/09/11 18:40,,,1.040,サーバー(国交省 川の防災情報)
kw09,2026-09-11T09:49:40.797Z,2026/09/11 10:00,,,-4.040,サーバー(国交省 川の防災情報)
kw10,2026-09-11T09:49:40.882Z,2026/09/11 18:40,,,0.390,サーバー(国交省 川の防災情報)
kw11,2026-09-11T09:49:40.919Z,2026/09/11 18:40,,,0.950,サーバー(国交省 川の防災情報)
cam01,2026-09-11T13:51:54.536Z,2026-09-11 22:50:06,0.104,11.891,,サーバー(直接取得)
cam02,2026-09-11T13:51:54.596Z,2026-09-11 22:50:06,0.168,11.539,0.520,サーバー(直接取得)
cam03,2026-09-11T13:51:54.598Z,2026-09-11 22:50:12,0.530,12.220,-4.580,サーバー(直接取得)
cam04,2026-09-11T13:51:54.599Z,2026-09-11 22:50:07,0.289,12.089,1.060,サーバー(直接取得)
cam08,2026-09-11T13:51:54.600Z,2026-09-11 22:50:21,0.643,12.067,0.100,サーバー(直接取得)
cam09,2026-09-11T13:51:55.374Z,2026-09-11 22:50:14,1.898,11.860,0.330,サーバー(直接取得)
cam11,2026-09-11T13:51:55.376Z,2026-09-11 22:50:06,1.061,11.983,0.594,サーバー(直接取得)
cam12,2026-09-11T13:51:55.590Z,2026-09-11 22:50:07,0.249,11.798,-0.059,サーバー(直接取得)
cam13,2026-09-11T13:51:55.594Z,2026-09-11 22:50:07,0.265,12.313,0.067,サーバー(直接取得)
cam14,2026-09-11T13:51:55.636Z,2026-09-11 22:50:12,0.386,12.282,0.057,サーバー(直接取得)
cam36,2026-09-11T13:51:55.651Z,2026-09-11 22:50:06,0.289,12.146,0.034,サーバー(直接取得)
cam39,2026-09-11T13:51:55.764Z,2026-09-11 22:50:06,24.085,13.412,0.063,サーバー(直接取得)
cam40,2026-09-11T13:51:55.851Z,2026-09-11 22:50:07,0.329,12.198,0.249,サーバー(直接取得)
cam41,2026-09-11T13:51:55.859Z,2026-09-11 22:50:03,1.126,12.440,0.152,サーバー(直接取得)
cam42,2026-09-11T13:51:55.899Z,2026-09-11 22:40:16,0.345,11.561,0.410,サーバー(直接取得)
cam43,2026-09-11T13:51:55.913Z,2026-09-11 22:40:14,0.370,11.948,0.470,サーバー(直接取得)
cam44,2026-09-11T13:51:56.031Z,2026-09-11 22:50:03,0.981,12.062,0.120,サーバー(直接取得)
cam45,2026-09-11T13:51:56.113Z,2026-09-11 22:50:03,0.587,11.908,0.370,サーバー(直接取得)
cam46,2026-09-11T13:51:56.118Z,2026-09-11 22:40:11,0.490,11.715,0.750,サーバー(直接取得)
cam47,2026-09-11T13:51:56.169Z,2026-09-11 22:50:06,1.721,11.684,0.450,サーバー(直接取得)
cam48,2026-09-11T13:51:56.183Z,2026-09-11 22:50:03,24.182,13.741,-16.150,サーバー(直接取得)
cam50,2026-09-11T13:51:56.299Z,2026-09-11 22:51:00,23.611,13.504,0.220,サーバー(直接取得)
cam51,2026-09-11T13:51:56.386Z,2026-09-11 22:50:17,23.442,13.618,0.180,サーバー(直接取得)
cam52,2026-09-11T13:51:56.393Z,2026-09-11 22:50:11,0.394,12.115,0.470,サーバー(直接取得)
cam53,2026-09-11T13:51:56.435Z,2026-09-11 22:40:10,0.402,11.987,0.030,サーバー(直接取得)
cam54,2026-09-11T13:51:56.448Z,2026-09-11 22:50:21,0.410,12.273,0.060,サーバー(直接取得)
cam55,2026-09-11T13:51:56.564Z,2026-09-11 22:50:21,0.788,12.172,1.100,サーバー(直接取得)
kw01,2026-09-11T13:51:56.649Z,2026/09/11 22:40,,,0.780,サーバー(国交省 川の防災情報)
kw02,2026-09-11T13:51:56.664Z,2026/09/11 22:40,,,0.590,サーバー(国交省 川の防災情報)
kw03,2026-09-11T13:51:56.702Z,2026/09/11 22:40,,,1.060,サーバー(国交省 川の防災情報)
kw04,2026-09-11T13:51:56.707Z,2026/09/11 22:40,,,1.010,サーバー(国交省 川の防災情報)
kw05,2026-09-11T13:51:56.834Z,2026/09/11 22:50,,,-0.600,サーバー(国交省 川の防災情報)
kw06,2026-09-11T13:51:57.091Z,2026/09/11 09:00,,,-2.070,サーバー(国交省 川の防災情報)
kw07,2026-09-11T13:51:57.110Z,2026/09/11 09:00,,,-3.860,サーバー(国交省 川の防災情報)
kw08,2026-09-11T13:51:57.270Z,2026/09/11 22:40,,,0.970,サーバー(国交省 川の防災情報)
kw09,2026-09-11T13:51:57.294Z,2026/09/11 10:00,,,-4.040,サーバー(国交省 川の防災情報)
kw10,2026-09-11T13:51:57.418Z,2026/09/11 22:40,,,0.340,サーバー(国交省 川の防災情報)
kw11,2026-09-11T13:51:57.465Z,2026/09/11 22:40,,,0.750,サーバー(国交省 川の防災情報)
cam01,2026-09-11T17:20:36.714Z,2026-09-12 02:20:06,0.096,11.856,,サーバー(直接取得)
cam02,2026-09-11T17:20:36.761Z,2026-09-12 00:20:07,0.168,11.508,0.500,サーバー(直接取得)
cam03,2026-09-11T17:20:36.762Z,2026-09-12 02:20:11,0.530,12.181,-4.580,サーバー(直接取得)
cam04,2026-09-11T17:20:36.763Z,2026-09-12 02:20:07,0.273,12.049,1.040,サーバー(直接取得)
cam08,2026-09-11T17:20:36.764Z,2026-09-12 02:10:21,0.635,12.036,0.110,サーバー(直接取得)
cam09,2026-09-11T17:20:37.599Z,2026-09-12 02:10:20,1.987,11.812,0.320,サーバー(直接取得)
cam11,2026-09-11T17:20:37.601Z,2026-09-12 02:20:06,1.061,11.952,0.677,サーバー(直接取得)
cam12,2026-09-11T17:20:37.602Z,2026-09-12 02:20:06,0.233,11.750,-0.053,サーバー(直接取得)
cam13,2026-09-11T17:20:37.605Z,2026-09-12 02:20:06,0.257,12.278,0.066,サーバー(直接取得)
cam14,2026-09-11T17:20:37.857Z,2026-09-12 02:20:13,0.289,12.234,0.057,サーバー(直接取得)
cam36,2026-09-11T17:20:37.864Z,2026-09-12 02:20:06,0.281,12.106,0.030,サーバー(直接取得)
cam39,2026-09-11T17:20:37.879Z,2026-09-12 02:20:06,24.093,13.412,0.061,サーバー(直接取得)
cam40,2026-09-11T17:20:37.886Z,2026-09-12 02:20:07,0.321,12.172,0.314,サーバー(直接取得)
cam41,2026-09-11T17:20:37.890Z,2026-09-12 02:20:03,1.126,12.418,0.140,サーバー(直接取得)
cam42,2026-09-11T17:20:38.077Z,2026-09-12 02:10:14,0.297,11.517,0.420,サーバー(直接取得)
cam43,2026-09-11T17:20:38.090Z,2026-09-12 02:10:12,0.321,11.886,0.480,サーバー(直接取得)
cam44,2026-09-11T17:20:38.096Z,2026-09-12 02:20:03,0.981,12.036,0.170,サーバー(直接取得)
cam45,2026-09-11T17:20:38.109Z,2026-09-12 02:10:03,0.579,11.873,0.360,サーバー(直接取得)
cam46,2026-09-11T17:20:38.121Z,2026-09-12 02:10:12,0.450,11.627,0.610,サーバー(直接取得)
cam47,2026-09-11T17:20:38.293Z,2026-09-12 02:20:06,1.681,11.636,0.453,サーバー(直接取得)
cam48,2026-09-11T17:20:38.301Z,2026-09-12 02:20:03,24.182,13.746,-16.030,サーバー(直接取得)
cam50,2026-09-11T17:20:38.313Z,2026-09-12 02:20:00,23.619,13.504,0.240,サーバー(直接取得)
cam51,2026-09-11T17:20:38.328Z,2026-09-12 02:20:21,23.450,13.623,0.180,サーバー(直接取得)
cam52,2026-09-11T17:20:38.340Z,2026-09-12 02:20:12,0.386,12.093,0.490,サーバー(直接取得)
cam53,2026-09-11T17:20:38.510Z,2026-09-12 02:20:08,0.394,11.917,0.030,サーバー(直接取得)
cam54,2026-09-11T17:20:38.520Z,2026-09-12 02:20:20,0.410,12.247,0.060,サーバー(直接取得)
cam55,2026-09-11T17:20:38.530Z,2026-09-12 02:10:21,0.732,12.137,1.100,サーバー(直接取得)
